z,A,psi9,Key
0.01,-0.03,0.0,0.009748702256859526
0.0100230754828386,-0.0300002289134992,-2.6433813054879134e-18,0.009748702256859526
0.0100462042134681,-0.0300004588898868,-5.17929727052006e-18,0.009748702256859526
0.0100693863147602,-0.0300006899340976,-7.494485768166154e-18,0.009748702256859526
0.0100926219098704,-0.0300009220510897,-9.471114754615074e-18,0.009748702256859525
0.0101159111222382,-0.0300011552458437,-1.102510636350014e-17,0.009748702256859525
0.0101392540755881,-0.0300013895233639,-1.2073139835255113e-17,0.009748702256859525
0.0101626508939299,-0.0300016248886773,-1.2581167748446676e-17,0.009748702256859525
0.0101861017015597,-0.0300018613468345,-1.248939017435431e-17,0.009748702256859525
0.0102096066230604,-0.0300020989029097,-1.1809841250131085e-17,0.009748702256859525
0.0102331657833024,-0.0300023375620003,-1.05887232441617e-17,0.009748702256859525
0.0102567793074442,-0.0300025773292276,-8.844716472586303e-18,0.009748702256859526
0.010280447320933,-0.0300028182097366,-6.683232457617028e-18,0.009748702256859526
0.0103041699495058,-0.0300030602086963,-4.1823359339900645e-18,0.009748702256859526
0.0103279473191895,-0.0300033033312996,-1.4649067202917718e-18,0.009748702256859526
0.0103517795563017,-0.0300035475827634,1.334842534137536e-18,0.009748702256859526
0.0103756667874518,-0.030003792968329,4.0801622340727554e-18,0.009748702256859526
0.0103996091395412,-0.030004039493262,6.605836159917036e-18,0.009748702256859526
0.010423606739764,-0.0300042871628523,8.872710284745995e-18,0.009748702256859526
0.010447659715608,-0.0300045359824147,1.0733168888775674e-17,0.009748702256859526
0.0104717681948552,-0.0300047859572882,1.2043091772780745e-17,0.009748702256859526
0.0104959323055822,-0.0300050370928371,1.2761924461608233e-17,0.009748702256859526
0.0105201521761615,-0.0300052893944501,1.2824505014028257e-17,0.009748702256859526
0.0105444279352616,-0.0300055428675413,1.22794780416135e-17,0.009748702256859526
0.010568759711848,-0.0300057975175497,1.1127685040145004e-17,0.009748702256859526
0.0105931476351837,-0.0300060533499398,9.400758193212169e-18,0.009748702256859526
0.01061759183483,-0.0300063103702011,7.175303952835164e-18,0.009748702256859525
0.0106420924406472,-0.030006568583849,4.583145305243942e-18,0.009748702256859523
0.0106666495827953,-0.0300068279964243,1.7637159259919044e-18,0.009748702256859521
0.0106912633917347,-0.0300070886134934,-1.189624903605339e-18,0.009748702256859521
0.0107159339982267,-0.0300073504406487,-4.056291133024e-18,0.00974870225685952
0.0107406615333343,-0.0300076134835087,-6.7537306861478016e-18,0.00974870225685952
0.0107654461284231,-0.0300078777477176,-9.053045724549238e-18,0.00974870225685952
0.0107902879151618,-0.0300081432389462,-1.0947471904733029e-17,0.009748702256859518
0.0108151870255228,-0.0300084099628914,-1.225613736525109e-17,0.009748702256859518
0.0108401435917833,-0.0300086779252766,-1.2879584630857967e-17,0.00974870225685952
0.0108651577465253,-0.0300089471318517,-1.2846562109090189e-17,0.00974870225685952
0.0108902296226373,-0.0300092175883935,-1.2106214154797108e-17,0.009748702256859521
0.0109153593533139,-0.0300094893007055,-1.0713191506998905e-17,0.009748702256859523
0.0109405470720574,-0.030009762274618,-8.79653469156909e-18,0.009748702256859526
0.010965792912678,-0.0300100365159885,-6.312716854007171e-18,0.009748702256859528
0.0109910970092949,-0.0300103120307019,-3.498244162910513e-18,0.00974870225685953
0.0110164594963365,-0.03001058882467,-4.097403995973453e-19,0.009748702256859532
0.0110418805085416,-0.0300108669038323,2.628933457484958e-18,0.009748702256859532
0.0110673601809597,-0.030011146274156,5.634952352651805e-18,0.009748702256859533
0.0110928986489522,-0.0300114269416356,8.24689203884326e-18,0.009748702256859533
0.0111184960481927,-0.0300117089122939,1.0443695498894808e-17,0.009748702256859533
0.0111441525146678,-0.0300119921921813,1.212017541467576e-17,0.009748702256859533
0.0111698681846782,-0.0300122767873764,1.3068547869563053e-17,0.009748702256859533
0.0111956431948387,-0.0300125627039862,1.3283614789898897e-17,0.009748702256859532
0.0112214776820798,-0.0300128499481457,1.2687445922747697e-17,0.009748702256859532
0.0112473717836475,-0.0300131385260187,1.1467753014542957e-17,0.00974870225685953
0.0112733256371048,-0.0300134284437974,9.615575091744603e-18,0.009748702256859528
0.0112993393803322,-0.0300137197077029,7.125998984771782e-18,0.009748702256859526
0.0113254131515281,-0.0300140123239852,4.2040956711083636e-18,0.009748702256859525
0.0113515470892099,-0.0300143062989232,1.0592150375535729e-18,0.009748702256859523
0.0113777413322149,-0.0300146016388249,-2.1753040771865504e-18,0.009748702256859521
0.0114039960197003,-0.0300148983500277,-5.3038806201191446e-18,0.009748702256859521
0.0114303112911447,-0.0300151964388984,-8.059783278590473e-18,0.00974870225685952
0.0114566872863487,-0.0300154959118335,-1.0420674462038813e-17,0.009748702256859518
0.0114831241454351,-0.0300157967752589,-1.2148551342480607e-17,0.009748702256859518
0.0115096220088503,-0.0300160990356305,-1.3098546011321093e-17,0.009748702256859518
0.0115361810173647,-0.0300164026994341,-1.3332158515535318e-17,0.009748702256859518
0.0115628013120737,-0.0300167077731859,-1.2632439831889368e-17,0.00974870225685952
0.0115894830343981,-0.0300170142634319,-1.1325918263306769e-17,0.009748702256859521
0.011616226326085,-0.0300173221767487,-9.26107942646197e-18,0.009748702256859523
0.0116430313292087,-0.0300176315197436,-6.523130957031517e-18,0.009748702256859526
0.0116698981861714,-0.0300179422990544,-3.4472527886853e-18,0.009748702256859528
0.0116968270397038,-0.0300182545213496,-1.8128636457772616e-19,0.00974870225685953
0.0117238180328659,-0.0300185681933289,3.2883248533269133e-18,0.009748702256859532
0.011750871309048,-0.0300188833217229,6.430176596916591e-18,0.009748702256859532
0.0117779870119711,-0.0300191999132937,9.165144359995561e-18,0.009748702256859533
0.011805165285688,-0.0300195179748345,1.1428772922273422e-17,0.009748702256859533
0.0118324062745837,-0.0300198375131702,1.2961157156383352e-17,0.009748702256859533
0.0118597101233766,-0.0300201585351574,1.3624470568984276e-17,0.009748702256859533
0.011887076977119,-0.0300204810476845,1.3383030776951489e-17,0.009748702256859533
0.0119145069811977,-0.0300208050576718,1.2377159648903506e-17,0.009748702256859532
0.0119420002813353,-0.0300211305720719,1.0610577739560459e-17,0.00974870225685953
0.0119695570235904,-0.0300214575978695,7.962628002468986e-18,0.009748702256859528
0.0119971773543588,-0.0300217861420818,4.798744338141256e-18,0.009748702256859526
0.0120248614203741,-0.0300221162117586,1.5067448322363685e-18,0.009748702256859525
0.0120526093687084,-0.0300224478139825,-2.03234210530806e-18,0.009748702256859523
0.0120804213467732,-0.0300227809558688,-5.436409618351953e-18,0.009748702256859521
0.0121082975023204,-0.0300231156445659,-8.503661498588158e-18,0.00974870225685952
0.0121362379834424,-0.0300234518872555,-1.0992628932186869e-17,0.009748702256859518
0.0121642429385736,-0.0300237896911524,-1.2760932248201643e-17,0.009748702256859518
0.0121923125164911,-0.0300241290635053,-1.3738136055225669e-17,0.009748702256859518
0.0122204468663148,-0.0300244700115961,-1.3706149830781e-17,0.009748702256859518
0.0122486461375093,-0.0300248125427407,-1.2744685161286896e-17,0.009748702256859518
0.0122769104798835,-0.0300251566642892,-1.081187604737107e-17,0.00974870225685952
0.0123052400435926,-0.0300255023836253,-8.401478821970662e-18,0.009748702256859523
0.0123336349791377,-0.0300258497081675,-5.177862717508688e-18,0.009748702256859525
0.0123620954373676,-0.0300261986453683,-1.634740581997906e-18,0.009748702256859526
0.0123906215694791,-0.0300265492027153,2.065151945881457e-18,0.009748702256859528
0.0124192135270178,-0.0300269013877303,5.603885049808854e-18,0.00974870225685953
0.012447871461879,-0.0300272552079704,8.731863200582052e-18,0.009748702256859532
0.0124765955263086,-0.0300276106710277,1.1335155126666477e-17,0.009748702256859533
0.0125053858729039,-0.0300279677845296,1.3129813415136984e-17,0.009748702256859533
0.012534242654614,-0.0300283265561386,1.3891161276518394e-17,0.009748702256859533
0.0125631660247412,-0.0300286869935533,1.370414867166914e-17,0.009748702256859533
0.0125921561369415,-0.0300290491045075,1.2540715147484819e-17,0.009748702256859533
0.0126212131452254,-0.0300294128967713,1.0369963781908776e-17,0.009748702256859532
0.012650337203959,-0.0300297783781507,7.569811134929592e-18,0.00974870225685953
0.0126795284678643,-0.0300301455564879,4.152519050893792e-18,0.009748702256859528
0.0127087870920205,-0.0300305144396616,3.270614706372448e-19,0.009748702256859526
0.0127381132318647,-0.0300308850355871,-3.5092836747552076e-18,0.009748702256859525
0.0127675070431926,-0.0300312573522164,-7.081468564254478e-18,0.009748702256859523
0.0127969686821594,-0.0300316313975384,-1.0267084699993393e-17,0.00974870225685952
0.0128264983052806,-0.030032007179579,-1.2583152335949859e-17,0.009748702256859518
0.0128560960694329,-0.0300323847064017,-1.3904918362559946e-17,0.009748702256859518
0.0128857621318551,-0.0300327639861069,-1.431504786373773e-17,0.009748702256859518
0.0129154966501488,-0.0300331450268331,-1.366761242943637e-17,0.009748702256859518
0.0129452997822791,-0.0300335278367563,-1.186897889423814e-17,0.009748702256859518
0.0129751716865758,-0.0300339124240907,-9.267214775693526e-18,0.00974870225685952
0.013005112521734,-0.0300342987970882,-5.791476843079894e-18,0.009748702256859523
0.013035122446815,-0.0300346869640396,-2.1262827563326437e-18,0.009748702256859525
0.0130652016212472,-0.0300350769332736,1.962899358536279e-18,0.009748702256859526
0.0130953502048266,-0.030035468713158,5.7823402610948715e-18,0.00974870225685953
0.0131255683577184,-0.0300358623120992,9.161545196564152e-18,0.009748702256859532
0.013155856240457,-0.0300362577385429,1.1867383426976987e-17,0.009748702256859533
0.0131862140139474,-0.0300366550009736,1.3588206648309488e-17,0.009748702256859533
0.013216641839466,-0.0300370541079155,1.419015012639387e-17,0.009748702256859533
0.0132471398786611,-0.0300374550679323,1.3588212275430172e-17,0.009748702256859535
0.0132777082935542,-0.0300378578896275,1.1960417991625673e-17,0.009748702256859533
0.0133083472465407,-0.0300382625816444,9.304190339716657e-18,0.009748702256859533
0.0133390569003905,-0.0300386691526665,5.826187765817997e-18,0.009748702256859532
0.0133698374182494,-0.0300390776114177,1.9465741518360167e-18,0.00974870225685953
0.0134006889636395,-0.0300394879666622,-2.107717308621307e-18,0.009748702256859526
0.0134316117004601,-0.0300399002272052,-6.2450196330220746e-18,0.009748702256859525
0.0134626057929891,-0.0300403144018925,-9.692330869232485e-18,0.009748702256859521
0.013493671405883,-0.030040730499611,-1.2483415354400562e-17,0.00974870225685952
0.0135248087041787,-0.0300411485292889,-1.4282433086163808e-17,0.009748702256859518
0.0135560178532936,-0.030041568499896,-1.4830122148729432e-17,0.009748702256859516
0.0135872990190271,-0.0300419904204435,-1.4128983244196318e-17,0.009748702256859516
0.0136186523675608,-0.0300424142999846,-1.2213476866547265e-17,0.009748702256859518
0.0136500780654601,-0.0300428401476144,-9.287806797126833e-18,0.009748702256859518
0.0136815762796747,-0.0300432679724703,-5.701886791420021e-18,0.009748702256859521
0.0137131471775394,-0.0300436977837322,-1.4501344615870453e-18,0.009748702256859523
0.0137447909267753,-0.0300441295906224,2.8173823415907466e-18,0.009748702256859525
0.0137765076954905,-0.0300445634024062,6.8679804534315496e-18,0.009748702256859528
0.0138082976521809,-0.0300449992283918,1.0343606110142736e-17,0.00974870225685953
0.0138401609657313,-0.0300454370779308,1.2882775583396305e-17,0.009748702256859532
0.0138720978054162,-0.030045876960418,1.4372516904231006e-17,0.009748702256859533
0.0139041083409007,-0.0300463188852918,1.4407843278736997e-17,0.009748702256859533
0.0139361927422414,-0.0300467628620347,1.3270950370996716e-17,0.009748702256859535
0.0139683511798874,-0.0300472089001729,1.0901811130655589e-17,0.009748702256859533
0.0140005838246809,-0.030047657009277,7.379000438942344e-18,0.009748702256859533
0.0140328908478587,-0.030048107198962,3.347001207276325e-18,0.009748702256859532
0.0140652724210523,-0.0300485594788876,-1.08882440992259e-18,0.00974870225685953
0.0140977287162896,-0.0300490138587581,-5.458452477520558e-18,0.009748702256859526
0.0141302599059953,-0.0300494703483231,-9.3313443587741e-18,0.009748702256859523
0.0141628661629919,-0.0300499289573774,-1.2468206529841773e-17,0.009748702256859521
0.014195547660501,-0.0300503896957613,-1.435949475056236e-17,0.00974870225685952
0.0142283045721435,-0.0300508525733607,-1.509346841669153e-17,0.009748702256859518
0.0142611370719412,-0.0300513176001073,-1.4305358183065588e-17,0.009748702256859516
0.0142940453343176,-0.0300517847859793,-1.2234502187963005e-17,0.009748702256859516
0.0143270295340983,-0.0300522541410008,-9.000578869052731e-18,0.00974870225685952
0.0143600898465126,-0.0300527256752425,-4.902097077568438e-18,0.00974870225685952
0.014393226447194,-0.0300531993988222,-3.0108860414549452e-19,0.009748702256859521
0.0144264395121815,-0.0300536753219043,4.2739588854025e-18,0.009748702256859525
0.0144597292179201,-0.0300541534547004,8.518625398205918e-18,0.009748702256859526
0.0144930957412621,-0.0300546338074698,1.1939285304293588e-17,0.009748702256859528
0.0145265392594678,-0.0300551163905191,1.4162429311215538e-17,0.009748702256859532
0.0145600599502064,-0.030055601214203,1.5029630015241988e-17,0.009748702256859533
0.0145936579915575,-0.030056088288924,1.4447800827952603e-17,0.009748702256859533
0.0146273335620113,-0.0300565776251333,1.2314520180933393e-17,0.009748702256859535
0.0146610868404698,-0.0300570692333301,9.070164368077829e-18,0.009748702256859535
0.0146949180062481,-0.0300575631240628,5.0090921732836484e-18,0.009748702256859533
0.014728827239075,-0.0300580593079285,2.0874951056386745e-19,0.009748702256859532
0.0147628147190939,-0.0300585577955736,-4.453382275864049e-18,0.00974870225685953
0.0147968806268639,-0.0300590585976939,-8.795738963415521e-18,0.009748702256859526
0.014831025143361,-0.0300595617250349,-1.2324798806951276e-17,0.009748702256859523
0.0148652484499785,-0.0300600671883918,-1.449806000503209e-17,0.009748702256859521
0.0148995507285285,-0.0300605749986102,-1.5229749861497502e-17,0.009748702256859518
0.0149339321612425,-0.0300610851665858,-1.4346844475491194e-17,0.009748702256859518
0.0149683929307725,-0.0300615977032651,-1.20620597264297e-17,0.009748702256859516
0.0150029332201921,-0.0300621126196451,-8.382618280316736e-18,0.009748702256859518
0.0150375532129973,-0.0300626299267743,-3.915553704449772e-18,0.00974870225685952
0.0150722530931075,-0.0300631496357522,9.918426223254378e-19,0.009748702256859521
0.0151070330448665,-0.0300636717577297,5.8547875071417486e-18,0.009748702256859523
0.0151418932530435,-0.0300641963039098,1.019280447878332e-17,0.009748702256859525
0.015176833902834,-0.0300647232855473,1.3350581520577609e-17,0.009748702256859528
0.015211855179861,-0.0300652527139492,1.5279758128821254e-17,0.00974870225685953
0.0152469572701757,-0.0300657846004753,1.552726973054701e-17,0.009748702256859533
0.0152821403602587,-0.0300663189565378,1.3997396101286897e-17,0.009748702256859533
0.0153174046370208,-0.0300668557936019,1.1135359083047079e-17,0.009748702256859535
0.0153527502878042,-0.0300673951231863,6.965552247332568e-18,0.009748702256859535
0.0153881775003834,-0.030067936956863,2.080016449243285e-18,0.009748702256859533
0.0154236864629662,-0.0300684813062576,-2.983744177566353e-18,0.009748702256859532
0.0154592773641947,-0.0300690281830499,-7.808199026150468e-18,0.00974870225685953
0.0154949503931463,-0.0300695775989737,-1.1760890351261097e-17,0.009748702256859525
0.0155307057393346,-0.0300701295658175,-1.443965403395762e-17,0.009748702256859523
0.0155665435927106,-0.0300706840954243,-1.5449849139444614e-17,0.00974870225685952
0.0156024641436636,-0.0300712411996924,-1.45801728610804e-17,0.009748702256859518
0.0156384675830224,-0.0300718008905748,-1.2132603129282406e-17,0.009748702256859516
0.0156745541020559,-0.0300723631800806,-8.309024689028946e-18,0.009748702256859518
0.0157107238924745,-0.0300729280802743,-3.518728507720227e-18,0.009748702256859518
0.0157469771464308,-0.0300734956032764,1.8440532403275305e-18,0.00974870225685952
0.0157833140565211,-0.0300740657612638,6.9087899827640325e-18,0.009748702256859521
0.015819734815786,-0.0300746385664698,1.129729296192139e-17,0.009748702256859525
0.0158562396177113,-0.0300752140311847,1.4520930873317292e-17,0.009748702256859526
0.0158928286562297,-0.0300757921677555,1.6006477752441446e-17,0.00974870225685953
0.0159295021257212,-0.0300763729885869,1.5637406616756764e-17,0.009748702256859532
0.0159662602210142,-0.030076956506141,1.340998297135724e-17,0.009748702256859533
0.016003103137387,-0.0300775427329378,9.744316709197435e-18,0.009748702256859535
0.0160400310705682,-0.0300781316815553,4.810334861769377e-18,0.009748702256859535
0.0160770442167382,-0.03007872336463,-5.965414516398594e-19,0.009748702256859535
0.0161141427725301,-0.0300793177948571,-6.005033200364838e-18,0.009748702256859533
0.0161513269350309,-0.0300799149849906,-1.065825065446419e-17,0.009748702256859528
0.0161885969017819,-0.0300805149478439,-1.4028745040631545e-17,0.009748702256859526
0.0162259528707808,-0.0300811176962897,-1.5638107531160405e-17,0.009748702256859523
0.0162633950404819,-0.0300817232432606,-1.5318248543930176e-17,0.00974870225685952
0.0163009236097974,-0.0300823316017491,-1.3081092881785368e-17,0.009748702256859518
0.0163385387780986,-0.030082942784808,-9.232247461344241e-18,0.009748702256859516
0.0163762407452168,-0.030083556805551,-4.144042197280839e-18,0.009748702256859518
0.0164140297114446,-0.0300841736771523,1.4197751874861137e-18,0.009748702256859518
0.0164519058775366,-0.0300847934128474,6.8931233151328096e-18,0.00974870225685952
0.0164898694447106,-0.0300854160259333,1.1587433328133485e-17,0.009748702256859523
0.0165279206146489,-0.0300860415297687,1.4811332798045524e-17,0.009748702256859525
0.0165660595894991,-0.0300866699377743,1.626689954819179e-17,0.009748702256859528
0.0166042865718753,-0.030087301263433,1.5620150232655378e-17,0.009748702256859532
0.016642601764859,-0.0300879355202905,1.29275675420994e-17,0.009748702256859533
0.0166810053720005,-0.0300885727219553,8.688006989932654e-18,0.009748702256859535
0.0167194975973198,-0.0300892128820989,3.280952503722585e-18,0.009748702256859535
0.0167580786453076,-0.0300898560144566,-2.6348390725030093e-18,0.009748702256859535
0.0167967487209265,-0.0300905021328271,-8.105152434919832e-18,0.009748702256859533
0.016835508029612,-0.0300911512510735,-1.265828515910852e-17,0.00974870225685953
0.0168743567772737,-0.0300918033831229,-1.5354630989878608e-17,0.009748702256859526
0.0169132951702964,-0.0300924585429674,-1.622677912605055e-17,0.009748702256859523
0.0169523234155412,-0.0300931167446638,-1.4783826493749938e-17,0.00974870225685952
0.0169914417203462,-0.0300937780023343,-1.1380655459059725e-17,0.009748702256859518
0.0170306502925284,-0.0300944423301667,-6.500351219825367e-18,0.009748702256859518
0.017069949340384,-0.0300951097424144,-6.331478139739654e-19,0.009748702256859518
0.0171093390726901,-0.0300957802533972,5.2687105082960355e-18,0.009748702256859518
0.0171488196987054,-0.0300964538775013,1.0572229528057533e-17,0.00974870225685952
0.0171883914281714,-0.0300971306291798,1.4400871291969324e-17,0.009748702256859523
0.0172280544713139,-0.0300978105229527,1.6259340123259008e-17,0.009748702256859526
0.0172678090388435,-0.0300984935734075,1.591985669924613e-17,0.009748702256859528
0.0173076553419572,-0.0300991797951995,1.32838717546692e-17,0.009748702256859532
0.0173475935923393,-0.0300998692030519,8.786977539596789e-18,0.009748702256859533
0.0173876240021625,-0.0301005618117562,3.223499212768655e-18,0.009748702256859535
0.0174277467840891,-0.0301012576361728,-3.0547601625892088e-18,0.009748702256859535
0.0174679621512724,-0.0301019566912309,-8.889882267750189e-18,0.009748702256859535
0.0175082703173572,-0.0301026589919291,-1.3480377502613825e-17,0.00974870225685953
0.0175486714964815,-0.0301033645533355,-1.6176210235903322e-17,0.009748702256859528
0.0175891659032773,-0.0301040733905882,-1.662107795732717e-17,0.009748702256859525
0.017629753752872,-0.0301047855188958,-1.4650936702776308e-17,0.009748702256859521
0.0176704352608894,-0.0301055009535371,-1.0580411913828492e-17,0.009748702256859518
0.0177112106434508,-0.0301062197098621,-4.9733390225282425e-18,0.009748702256859518
0.0177520801171763,-0.030106941803292,1.4125670781349761e-18,0.009748702256859518
0.0177930438991857,-0.0301076672493195,7.501403758937369e-18,0.009748702256859518
0.0178341022071,-0.0301083960635094,1.2615377444446453e-17,0.00974870225685952
0.0178752552590423,-0.0301091282614986,1.586461226463212e-17,0.009748702256859521
0.017916503273639,-0.0301098638589967,1.6562033647815317e-17,0.009748702256859525
0.0179578464700209,-0.0301106028717861,1.4935519096261298e-17,0.009748702256859528
0.0179992850678247,-0.0301113453157225,1.102109973752423e-17,0.009748702256859532
0.0180408192871938,-0.0301120912067354,5.4143600805255204e-18,0.009748702256859533
0.0180824493487795,-0.0301128405608279,-1.1379829428537441e-18,0.009748702256859535
0.0181241754737423,-0.0301135933940776,-7.506289159321076e-18,0.009748702256859535
0.0181659978837532,-0.0301143497226368,-1.2793959965308579e-17,0.009748702256859533
0.0182079168009946,-0.0301151095627326,-1.610642574057891e-17,0.00974870225685953
0.0182499324481615,-0.0301158729306675,-1.701972218722537e-17,0.009748702256859526
0.0182920450484629,-0.0301166398428198,-1.5281909132104366e-17,0.009748702256859523
0.0183342548256229,-0.0301174103156437,-1.1131242412719286e-17,0.00974870225685952
0.0183765620038817,-0.0301181843656697,-5.2091171934734784e-18,0.00974870225685952
0.0184189668079971,-0.0301189620095053,1.5490280028329228e-18,0.009748702256859518
0.0184614694632454,-0.0301197432638349,8.034903234643467e-18,0.009748702256859518
0.018504070195423,-0.0301205281454203,1.3286383463685213e-17,0.009748702256859518
0.0185467692308469,-0.0301213166711012,1.636915506762662e-17,0.00974870225685952
0.0185895667963568,-0.0301221088577956,1.6918899089609815e-17,0.009748702256859523
0.0186324631193156,-0.0301229047224999,1.4851522440491554e-17,0.009748702256859526
0.0186754584276107,-0.0301237042822893,1.023234652798737e-17,0.00974870225685953
0.0187185529496557,-0.0301245075543184,4.022693569993181e-18,0.009748702256859533
0.0187617469143912,-0.0301253145558215,-2.9907493627751125e-18,0.009748702256859535
0.0188050405512858,-0.0301261253041127,-9.390011218717848e-18,0.009748702256859533
0.0188484340903379,-0.0301269398165866,-1.4443338645071568e-17,0.009748702256859533
0.0188919277620766,-0.0301277581107186,-1.696638127787901e-17,0.00974870225685953
0.0189355217975629,-0.0301285802040651,-1.6625397430860352e-17,0.009748702256859528
0.018979216428391,-0.0301294061142642,-1.3617619419392952e-17,0.009748702256859523
0.0190230118866894,-0.0301302358590355,-8.225035269700597e-18,0.009748702256859521
0.0190669084051225,-0.0301310694561812,-1.2705221119688345e-18,0.00974870225685952
0.0191109062168913,-0.030131906923586,5.697666583531022e-18,0.009748702256859518
0.0191550055557352,-0.0301327482792178,1.2054805486898753e-17,0.009748702256859518
0.0191992066559328,-0.0301335935411275,1.6096135764076506e-17,0.009748702256859518
0.0192435097523033,-0.0301344427274503,1.7607354837393765e-17,0.009748702256859521
0.0192879150802077,-0.0301352958564052,1.6066425533738966e-17,0.009748702256859525
0.0193324228755504,-0.030136152946296,1.1747668847543796e-17,0.009748702256859528
0.0193770333747798,-0.0301370140155112,5.404107578521386e-18,0.009748702256859532
0.0194217468148902,-0.0301378790825251,-1.7713390604184348e-18,0.009748702256859535
0.0194665634334226,-0.0301387481658973,-8.85950593457133e-18,0.009748702256859535
0.0195114834684661,-0.0301396212842739,-1.4173649320719196e-17,0.009748702256859533
0.0195565071586594,-0.0301404984563873,-1.7037866532301453e-17,0.009748702256859532
0.0196016347431918,-0.030141379701057,-1.6794088046743138e-17,0.00974870225685953
0.0196468664618044,-0.0301422650371898,-1.339426233794168e-17,0.009748702256859526
0.0196922025547917,-0.0301431544837804,-7.681436113893242e-18,0.009748702256859523
0.0197376432630025,-0.0301440480599115,-3.864598081930269e-19,0.00974870225685952
0.0197831888278416,-0.0301449457847545,7.167899337571535e-18,0.009748702256859518
0.0198288394912707,-0.0301458476775697,1.3332438840409553e-17,0.009748702256859516
0.0198745954958098,-0.0301467537577069,1.7347645118014993e-17,0.009748702256859518
0.0199204570845387,-0.0301476640446056,1.8083941970908068e-17,0.00974870225685952
0.0199664245010979,-0.0301485785577958,1.5592416709399845e-17,0.009748702256859523
0.0200124979896903,-0.0301494973168978,1.0276627614060033e-17,0.009748702256859528
0.0200586777950823,-0.0301504203416232,3.111853570483472e-18,0.009748702256859532
0.0201049641626049,-0.0301513476517751,-4.5926575333646595e-18,0.009748702256859535
0.0201513573381555,-0.0301522792672484,-1.150518085201021e-17,0.009748702256859535
0.0201978575681987,-0.0301532152080306,-1.5992171923706453e-17,0.009748702256859535
0.020244465099768,-0.0301541554942017,-1.7512795000214948e-17,0.009748702256859533
0.0202911801804667,-0.030155100145935,-1.5579382937322822e-17,0.00974870225685953
0.0203380030584698,-0.0301560491834976,-1.0424368832280014e-17,0.009748702256859525
0.0203849339825246,-0.0301570026272505,-3.247585970975623e-18,0.009748702256859523
0.0204319732019527,-0.0301579604976493,4.649896355395081e-18,0.00974870225685952
0.0204791209666508,-0.0301589228152445,1.1930826265625154e-17,0.009748702256859518
0.0205263775270925,-0.030159889600682,1.684640608577721e-17,0.009748702256859516
0.0205737431343291,-0.0301608608747036,1.870984048810691e-17,0.009748702256859518
0.0206212180399914,-0.0301618366581474,1.6903934912813886e-17,0.009748702256859521
0.0206688024962908,-0.030162816971948,1.1816278701578741e-17,0.009748702256859525
0.0207164967560206,-0.0301638018371376,4.640812894258523e-18,0.00974870225685953
0.0207643010725577,-0.0301647912748457,-3.583710656462893e-18,0.009748702256859533
0.0208122156998633,-0.0301657853062999,-1.0797765220911324e-17,0.009748702256859533
0.020860240892485,-0.0301667839528264,-1.587794128021839e-17,0.009748702256859535
0.0209083769055575,-0.0301677872358505,-1.7423658504069244e-17,0.009748702256859533
0.0209566239948043,-0.0301687951768969,-1.5405047624487704e-17,0.009748702256859532
0.0210049824165391,-0.0301698077975901,-9.982758516520837e-18,0.009748702256859528
0.021053452427667,-0.030170825119655,-2.37050465018258e-18,0.009748702256859525
0.0211020342856859,-0.0301718471649175,6.0392963112346466e-18,0.009748702256859521
0.0211507282486879,-0.0301728739553048,1.3483689668380705e-17,0.009748702256859518
0.0211995345753607,-0.0301739055128456,1.8255136950053268e-17,0.009748702256859516
0.0212484535249888,-0.0301749418596712,1.9315772106603404e-17,0.009748702256859518
0.0212974853574552,-0.0301759830180156,1.6791357669011378e-17,0.00974870225685952
0.0213466303332424,-0.0301770290102157,1.0640930802592853e-17,0.009748702256859525
0.0213958887134342,-0.0301780798587123,2.701999840467391e-18,0.009748702256859528
0.0214452607597166,-0.0301791355860506,-5.769316449959277e-18,0.009748702256859533
0.0214947467343798,-0.03018019621488,-1.2699857593269829e-17,0.009748702256859533
0.0215443469003188,-0.0301812617679553,-1.6669051480891994e-17,0.009748702256859535
0.0215940615210356,-0.030182332268137,-1.6581068381796314e-17,0.009748702256859535
0.0216438908606402,-0.0301834077383914,-1.2597949795954545e-17,0.009748702256859532
0.0216938351838518,-0.0301844882017918,-5.505173016928524e-18,0.00974870225685953
0.0217438947560008,-0.0301855736815183,3.218621498961243e-18,0.009748702256859525
0.0217940698430295,-0.0301866642008587,1.1728700145330598e-17,0.00974870225685952
0.0218443607114942,-0.030187759783209,1.7977455471893848e-17,0.009748702256859518
0.0218947676285662,-0.0301888604520737,2.0797794694289602e-17,0.009748702256859516
0.0219452908620331,-0.0301899662310664,1.9349312283258026e-17,0.009748702256859518
0.0219959306803007,-0.0301910771439104,1.4107215915692142e-17,0.009748702256859521
0.022046687352394,-0.0301921932144389,6.2068357491357596e-18,0.009748702256859525
0.022097561147959,-0.0301933144665961,-2.721626281997699e-18,0.00974870225685953
0.0221485523372635,-0.0301944409244369,-1.0334329145596369e-17,0.009748702256859533
0.0221996611911995,-0.0301955726121283,-1.5008439070239246e-17,0.009748702256859535
0.0222508879812836,-0.0301967168908805,-1.5465040289056475e-17,0.009748702256859535
0.0223022329796593,-0.0301978664823818,-1.1834140465285253e-17,0.009748702256859533
0.0223536964590979,-0.0301990214112969,-4.4150081062516776e-18,0.009748702256859532
0.0224052786930001,-0.0302001817024049,4.761644790260403e-18,0.009748702256859526
0.0224569799553977,-0.0302013473805998,1.3790903413764334e-17,0.009748702256859523
0.0225088005209546,-0.0302025184708913,2.044078040893021e-17,0.00974870225685952
0.0225607406649686,-0.030203694998405,2.3358092109573026e-17,0.009748702256859518
0.0226128006633727,-0.0302048769883833,2.170448993713543e-17,0.009748702256859518
0.0226649807927369,-0.0302060644661859,1.5908110196910486e-17,0.00974870225685952
0.022717281330269,-0.0302072574572898,7.435471791728409e-18,0.009748702256859525
0.0227697025538167,-0.0302084559872907,-1.6211700054201985e-18,0.00974870225685953
0.0228222447418689,-0.0302096600819029,-9.049333274579949e-18,0.009748702256859533
0.022874908173557,-0.0302108697669601,-1.2932230876035154e-17,0.009748702256859535
0.0229276931286564,-0.0302120850684159,-1.2122332683844104e-17,0.009748702256859537
0.0229805998875885,-0.0302133060123444,-6.814087440163917e-18,0.009748702256859537
0.0230336287314213,-0.0302145326249408,1.7439897057121802e-18,0.009748702256859533
0.0230867799418716,-0.0302157649325218,1.1809035617573308e-17,0.009748702256859528
0.0231400538013065,-0.0302170029615263,2.0635143629234015e-17,0.009748702256859523
0.0231934505927442,-0.0302182467385159,2.6381298358582657e-17,0.00974870225685952
0.0232469705998564,-0.0302194962901755,2.7508794053952468e-17,0.009748702256859518
0.0233006141069692,-0.030220751643314,2.3945265590299083e-17,0.009748702256859518
0.0233543813990647,-0.0302220128248646,1.6378154646205708e-17,0.009748702256859521
0.0234082727617829,-0.0302232798618855,7.07595447182775e-18,0.009748702256859526
0.0234622884814226,-0.0302245527815607,-1.5248258328124293e-18,0.009748702256859532
0.0235164288449434,-0.0302258316112002,-7.025956742087439e-18,0.009748702256859537
0.0235706941399672,-0.0302271163782408,-7.835404615359134e-18,0.009748702256859539
0.0236250846547794,-0.0302284071102467,-3.688472315411056e-18,0.009748702256859539
0.0236796006783307,-0.0302297038349101,4.643558881078692e-18,0.009748702256859537
0.0237342425002386,-0.0302310065800516,1.5291986314163916e-17,0.009748702256859533
0.0237890104107889,-0.0302323153736211,2.5298913787541506e-17,0.009748702256859528
0.0238439047009372,-0.0302336302436982,3.257561338130161e-17,0.009748702256859525
0.0238989256623105,-0.0302349512184927,3.5140719159391104e-17,0.009748702256859521
0.0239540735872087,-0.0302362783263456,3.235593666059409e-17,0.009748702256859521
0.0240093487686065,-0.0302376115957293,2.541842180781705e-17,0.009748702256859521
0.0240647515001542,-0.0302389510552484,1.610839657790737e-17,0.009748702256859526
0.02412028207618,-0.0302402967336402,7.314293757017348e-18,0.009748702256859532
0.0241759407916913,-0.0302416486597755,1.756373066586428e-18,0.009748702256859537
0.0242317279423759,-0.0302430068626591,1.1111468624184958e-18,0.00974870225685954
0.0242876438246045,-0.0302443713714305,5.962490403002654e-18,0.009748702256859542
0.0243436887354311,-0.0302457422153643,1.5413423963928878e-17,0.00974870225685954
0.0243998629725955,-0.0302471194238711,2.687780197672052e-17,0.009748702256859537
0.0244561668345244,-0.030248503026498,3.7884612566298256e-17,0.009748702256859533
0.0245126006203333,-0.0302498930529293,4.540974500859598e-17,0.009748702256859528
0.0245691646298279,-0.030251289532987,4.771073663062276e-17,0.009748702256859526
0.0246258591635054,-0.0302526924966316,4.452916764290984e-17,0.009748702256859523
0.0246826845225569,-0.0302541019739627,3.7301044519001714e-17,0.009748702256859525
0.0247396410088681,-0.0302555179952195,2.8085442767529146e-17,0.00974870225685953
0.0247967289250215,-0.0302569405907817,2.024424728444972e-17,0.009748702256859533
0.0248539485742979,-0.0302583697911699,1.6402766997173905e-17,0.00974870225685954
0.0249113002606778,-0.0302598056270465,1.8452331287949774e-17,0.009748702256859544
0.0249687842888432,-0.0302612481292162,2.6159056677856378e-17,0.009748702256859546
0.0250264009641791,-0.0302626973286265,3.7932306767144834e-17,0.009748702256859547
0.0250841505927754,-0.0302641532563689,5.0901114433279357e-17,0.009748702256859546
0.0251420334814279,-0.0302656159436789,6.199858403683788e-17,0.00974870225685954
0.0252000499376409,-0.0302670854219372,6.861975836163552e-17,0.009748702256859537
0.0252582002696278,-0.0302685617226702,6.934307163758851e-17,0.009748702256859533
0.0253164847863135,-0.0302700448775503,6.464112503619741e-17,0.009748702256859532
0.0253749037973357,-0.0302715349183973,5.671702665736836e-17,0.009748702256859533
0.0254334576130464,-0.0302730318771786,4.8688008138555056e-17,0.009748702256859539
0.0254921465445142,-0.0302745357860099,4.419231973044896e-17,0.009748702256859544
0.025550970903525,-0.0302760466771559,4.5092512671486467e-17,0.009748702256859549
0.0256099310025845,-0.0302775645830314,5.2542153317740826e-17,0.009748702256859556
0.0256690271549195,-0.0302790895362014,6.503583857929155e-17,0.00974870225685956
0.0257282596744793,-0.030280621569382,8.02415428193538e-17,0.009748702256859556
0.025787628875938,-0.0302821607154415,9.444325691237006e-17,0.009748702256859554
0.0258471350746956,-0.0302837070074003,1.0418438636978611e-16,0.00974870225685955
0.02590677858688,-0.0302852604784325,1.0811319456251363e-16,0.009748702256859547
0.0259665597293487,-0.030286821161866,1.0601606642376226e-16,0.009748702256859544
0.02602647881969,-0.0302883890911834,1.0004610048377024e-16,0.009748702256859544
0.0260865361762254,-0.0302899643000227,9.358394712854626e-17,0.009748702256859549
0.0261467321180109,-0.0302915468221782,9.035787831278791e-17,0.009748702256859556
0.0262070669648385,-0.0302931366916008,9.322033836390702e-17,0.009748702256859563
0.0262675410372383,-0.0302947339423993,1.0318094858901403e-16,0.009748702256859572
0.0263281546564802,-0.0302963386088405,1.1854228822828054e-16,0.009748702256859575
0.0263889081445751,-0.0302979507253506,1.369132437082452e-16,0.009748702256859573
0.0264498018242772,-0.0302995703265153,1.5444300533467158e-16,0.009748702256859573
0.0265108360190853,-0.030301197447081,1.673186721823715e-16,0.00974870225685957
0.026572011053245,-0.0303028321219555,1.7376205357514571e-16,0.009748702256859566
0.0266333272517498,-0.0303044743862083,1.7419218793350306e-16,0.009748702256859565
0.0266947849403432,-0.030306124275072,1.7108747009845006e-16,0.009748702256859565
0.0267563844455204,-0.0303077818239425,1.6823526391255715e-16,0.00974870225685957
0.0268181260945301,-0.0303094470683803,1.695897386645356e-16,0.009748702256859578
0.026880010215376,-0.0303111200441107,1.7792730533210687e-16,0.009748702256859589
0.0269420371368188,-0.0303128007870249,1.9376194606638428e-16,0.009748702256859598
0.0270042071883777,-0.0303144893331807,2.154200917971948e-16,0.009748702256859603
0.0270665207003324,-0.0303161857188033,2.391416086787766e-16,0.009748702256859604
0.0271289780037246,-0.0303178899802861,2.606114034810288e-16,0.009748702256859604
0.0271915794303601,-0.0303196021541912,2.767354999170744e-16,0.009748702256859603
0.0272543253128102,-0.0303213222772508,2.863243074824337e-16,0.009748702256859601
0.0273172159844137,-0.0303230503863673,2.9021695867296484e-16,0.009748702256859601
0.0273802517792785,-0.0303247865186144,2.9229577406748674e-16,0.009748702256859604
0.0274434330322836,-0.0303265307112381,2.9667359571423416e-16,0.009748702256859611
0.0275067600790806,-0.030328283001657,3.0760834520344243e-16,0.009748702256859624
0.0275702332560958,-0.0303300434274636,3.267784020967815e-16,0.009748702256859634
0.0276338529005317,-0.0303318120264248,3.536319408663998e-16,0.009748702256859644
0.0276976193503689,-0.0303335888364829,3.851409645290738e-16,0.009748702256859653
0.027761532944368,-0.0303353738957562,4.165710860622629e-16,0.009748702256859658
0.0278255940220712,-0.0303371672425401,4.437886243617671e-16,0.009748702256859658
0.0278898029238044,-0.0303389689153075,4.647085148767764e-16,0.009748702256859658
0.0279541599906785,-0.03034077895271,4.791585628855709e-16,0.009748702256859658
0.0280186655645919,-0.0303425973935788,4.90611545653937e-16,0.009748702256859663
0.0280833199882317,-0.0303444242769251,5.036095811131076e-16,0.00974870225685967
0.0281481236050757,-0.0303462596419413,5.229515729650439e-16,0.009748702256859684
0.0282130767593947,-0.0303481035280016,5.512102394436272e-16,0.0097487022568597
0.0282781797962534,-0.0303499559746631,5.887048586150704e-16,0.009748702256859716
0.028343433061513,-0.0303518170216664,6.322352019564326e-16,0.00974870225685973
0.028408836901833,-0.0303536867089367,6.777163029779656e-16,0.00974870225685974
0.0284743916646724,-0.0303555650765844,7.198700467233004e-16,0.009748702256859747
0.0285400976982923,-0.0303574521649062,7.558821295345645e-16,0.00974870225685975
0.0286059553517574,-0.0303593480143856,7.85754815398114e-16,0.009748702256859755
0.0286719649749376,-0.0303612526656943,8.127596905635365e-16,0.009748702256859762
0.0287381269185106,-0.0303631661596926,8.417535027990761e-16,0.009748702256859776
0.0288044415339629,-0.0303650885374306,8.779293372717343e-16,0.009748702256859792
0.0288709091735923,-0.0303670198401488,9.244228357642287e-16,0.009748702256859813
0.0289375301905095,-0.0303689601092792,9.815996389383097e-16,0.009748702256859833
0.0290043049386399,-0.0303709093864461,1.046301814116758e-15,0.009748702256859858
0.0290712337727257,-0.0303728677134671,1.113159948625006e-15,0.009748702256859875
0.0291383170483278,-0.0303748351323537,1.177285760397552e-15,0.009748702256859889
0.0292055551218274,-0.0303768116853126,1.2359783014703698e-15,0.0097487022568599
0.0292729483504281,-0.0303787974147462,1.2895758072150085e-15,0.009748702256859912
0.0293404970921578,-0.030380792363254,1.3417155274019821e-15,0.009748702256859927
0.0294082017058706,-0.030382796573633,1.3982399811865328e-15,0.009748702256859946
0.0294760625512485,-0.030384810088879,1.4646902755669093e-15,0.009748702256859974
0.0295440799888038,-0.0303868329521871,1.5436900282572688e-15,0.009748702256860003
0.0296122543798803,-0.0303888652069533,1.6348644286538149e-15,0.009748702256860036
0.029680586086656,-0.0303909068967747,1.734061516745903e-15,0.009748702256860068
0.0297490754721444,-0.030392958065451,1.8355992410903527e-15,0.009748702256860097
0.0298177229001967,-0.0303950187569849,1.9346789364622668e-15,0.009748702256860121
0.0298865287355038,-0.0303970890155837,2.0289582103423105e-15,0.009748702256860146
0.0299554933435981,-0.0303991688856596,2.1208607860588984e-15,0.00974870225686017
0.0300246170908554,-0.0304012584118312,2.215443281463924e-15,0.0097487022568602
0.0300939003444972,-0.0304033576389239,2.319100509215692e-15,0.009748702256860234
0.0301633434725919,-0.0304054666119714,2.437025541865813e-15,0.009748702256860278
0.0302329468440577,-0.0304075853762165,2.5707544649486106e-15,0.009748702256860324
0.0303027108286639,-0.0304097139771116,2.717738823168969e-15,0.009748702256860375
0.0303726357970331,-0.0304118524603205,2.8727175091321934e-15,0.009748702256860423
0.030442722120643,-0.0304140008717188,3.0296186110630894e-15,0.009748702256860468
0.0305129701718286,-0.0304161592573949,3.1849197507367718e-15,0.009748702256860512
0.0305833803237843,-0.0304183276636513,3.3385925437909918e-15,0.009748702256860555
0.0306539529505652,-0.0304205061370053,3.495404904805621e-15,0.0097487022568606
0.03072468842709,-0.0304226947241903,3.6626609939236806e-15,0.009748702256860652
0.0307955871291422,-0.0304248934721564,3.846197284162153e-15,0.009748702256860715
0.0308666494333727,-0.0304271024280717,4.049559349003895e-15,0.009748702256860784
0.0309378757173013,-0.0304293216393234,4.27212505364696e-15,0.009748702256860859
0.0310092663593192,-0.0304315511535182,4.508303458229734e-15,0.009748702256860933
0.0310808217386906,-0.0304337910184843,4.752336729686567e-15,0.009748702256861011
0.0311525422355548,-0.0304360412822716,4.9987746424825616e-15,0.009748702256861084
0.0312244282309285,-0.0304383019931531,5.247607295863148e-15,0.009748702256861157
0.0312964801067075,-0.0304405731996258,5.502814323977528e-15,0.009748702256861232
0.0313686982456687,-0.0304428549504118,5.77214695196752e-15,0.009748702256861317
0.0314410830314726,-0.0304451472944596,6.062789081761153e-15,0.00974870225686141
0.0315136348486647,-0.0304474502809445,6.379653952675472e-15,0.009748702256861514
0.0315863540826781,-0.0304497639592703,6.7219921337885e-15,0.009748702256861629
0.0316592411198352,-0.0304520883790701,7.085103289263029e-15,0.009748702256861745
0.0317322963473497,-0.0304544235902072,7.462634820967593e-15,0.009748702256861867
0.0318055201533292,-0.0304567696427766,7.849549451001951e-15,0.009748702256861985
0.0318789129267764,-0.0304591265871056,8.245368948687361e-15,0.009748702256862106
0.0319524750575921,-0.0304614944737552,8.654900695469732e-15,0.00974870225686223
0.0320262069365765,-0.030463873353521,9.086310641916772e-15,0.009748702256862364
0.0321001089554317,-0.0304662632774345,9.548358823899038e-15,0.00974870225686251
0.0321741815067637,-0.030468664296764,1.0045967194180904e-14,0.009748702256862673
0.0322484249840844,-0.0304710764630157,1.0578769539641863e-14,0.009748702256862847
0.0323228397818137,-0.0304734998279349,1.1141756225883154e-14,0.009748702256863029
0.0323974262952819,-0.0304759344435071,1.1727900829196773e-14,0.009748702256863216
0.0324721849207313,-0.030478380361959,1.2333039976504016e-14,0.009748702256863407
0.0325471160553184,-0.03048083763576,1.2958180387333887e-14,0.009748702256863601
0.0326222200971166,-0.0304833063176226,1.3609968521571876e-14,0.009748702256863803
0.0326974974451176,-0.0304857864605044,1.4298007592888153e-14,0.009748702256864021
0.0327729484992338,-0.0304882781176083,1.5031903639335418e-14,0.009748702256864255
0.0328485736603004,-0.0304907813423847,1.5815755222884085e-14,0.009748702256864507
0.0329243733300776,-0.0304932961885317,1.6648499737083707e-14,0.009748702256864777
0.0330003479112528,-0.0304958227099967,1.7524192802326367e-14,0.00974870225686506
0.0330764978074424,-0.0304983609609777,1.8436816050972592e-14,0.009748702256865352
0.0331528234231942,-0.0305009109959239,1.9383787488047784e-14,0.009748702256865652
0.0332293251639897,-0.0305034728695375,2.0369546315054e-14,0.009748702256865964
0.0333060034362458,-0.0305060466367747,2.140331942174531e-14,0.009748702256866288
0.0333828586473176,-0.0305086323528463,2.2496727343058232e-14,0.009748702256866635
0.0334598912054997,-0.0305112300732199,2.365921601462592e-14,0.009748702256867008
0.0335371015200293,-0.0305138398536202,2.4893532777254928e-14,0.009748702256867407
0.0336144900010876,-0.0305164617500306,2.619656937561877e-14,0.009748702256867827
0.0336920570598026,-0.0305190958186945,2.756216320597013e-14,0.00974870225686827
0.0337698031082509,-0.0305217421161161,2.8986630703571125e-14,0.009748702256868727
0.0338477285594598,-0.0305244006990621,3.0471458746650565e-14,0.009748702256869203
0.0339258338274099,-0.0305270716245626,3.2026046939303504e-14,0.009748702256869697
0.034004119327037,-0.0305297549499123,3.3663742252563456e-14,0.009748702256870218
0.0340825854742345,-0.0305324507326719,3.539707353780006e-14,0.009748702256870773
0.0341612326858552,-0.0305351590306693,3.723349445321729e-14,0.009748702256871364
0.0342400613797142,-0.0305378799020008,3.9173098264107794e-14,0.00974870225687199
0.0343190719745904,-0.0305406134050322,4.121176295261554e-14,0.009748702256872653
0.0343982648902292,-0.0305433595984004,4.3344904835224913e-14,0.009748702256873343
0.0344776405473446,-0.0305461185410143,4.5573980501571646e-14,0.009748702256874062
0.0345571993676213,-0.0305488902920563,4.7908567976602316e-14,0.00974870225687481
0.0346369417737173,-0.0305516749109835,5.0363632292795193e-14,0.009748702256875597
0.0347168681892656,-0.0305544724575289,5.2955758299432234e-14,0.00974870225687643
0.0347969790388769,-0.0305572829917029,5.5695866632943076e-14,0.00974870225687731
0.0348772747481417,-0.0305601065737941,5.858811814070117e-14,0.009748702256878248
0.0349577557436327,-0.0305629432643712,6.163020069488553e-14,0.00974870225687924
0.0350384224529067,-0.0305657931242841,6.48196015336609e-14,0.009748702256880275
0.0351192753045073,-0.0305686562146647,6.815870536067933e-14,0.00974870225688136
0.0352003147279668,-0.0305715325969291,7.165902237202971e-14,0.00974870225688249
0.0352815411538088,-0.0305744223327782,7.533882278278162e-14,0.00974870225688368
0.0353629550135504,-0.0305773254841994,7.921850091715931e-14,0.009748702256884931
0.0354445567397043,-0.0305802421134675,8.331362840340358e-14,0.009748702256886257
0.0355263467657814,-0.0305831722831469,8.763168984750623e-14,0.00974870225688766
0.0356083255262927,-0.0305861160560918,9.21735852712954e-14,0.00974870225688914
0.0356904934567522,-0.0305890734954485,9.693920988760881e-14,0.009748702256890696
0.0357728509936787,-0.0305920446646562,1.0193549540920889e-13,0.009748702256892325
0.0358553985745981,-0.0305950296274487,1.071781802151655e-13,0.009748702256894032
0.0359381366380462,-0.0305980284478554,1.1269097229019765e-13,0.00974870225689582
0.0360210656235707,-0.030601041190203,1.184995215427146e-13,0.009748702256897706
0.0361041859717333,-0.0306040679191168,1.2462378801877666e-13,0.009748702256899697
0.0361874981241127,-0.030607108699522,1.310750884752349e-13,0.009748702256901803
0.0362710025233064,-0.0306101635966451,1.3785882107940533e-13,0.009748702256904022
0.0363546996129331,-0.0306132326760153,1.449802169892713e-13,0.009748702256906354
0.0364385898376354,-0.030616316003466,1.524532488590326e-13,0.009748702256908801
0.0365226736430817,-0.0306194136451363,1.6030127481361965e-13,0.009748702256911367
0.036606951475969,-0.030622525667472,1.6855680289417992e-13,0.009748702256914061
0.0366914237840249,-0.0306256521372274,1.772523329130147e-13,0.009748702256916899
0.0367760910160103,-0.0306287931214668,1.8641291121076154e-13,0.009748702256919891
0.0368609536217215,-0.0306319486875653,1.960551006984093e-13,0.009748702256923052
0.036946012051993,-0.0306351189032113,2.0618995516915106e-13,0.00974870225692638
0.0370312667586992,-0.0306383038364069,2.168329619314163e-13,0.00974870225692988
0.0371167181947576,-0.0306415035554699,2.280091336116745e-13,0.009748702256933552
0.0372023668141306,-0.0306447181290355,2.3975538827742163e-13,0.009748702256937409
0.0372882130718283,-0.030647947626057,2.5211538329180053e-13,0.009748702256941463
0.0373742574239106,-0.030651192115808,2.6512999670305463e-13,0.009748702256945732
0.0374605003274899,-0.0306544516678835,2.788315327246947e-13,0.009748702256950233
0.0375469422407333,-0.0306577263522017,2.932436386918817e-13,0.00974870225695498
0.0376335836228653,-0.030661016239005,3.0838910219239576e-13,0.009748702256959974
0.0377204249341699,-0.0306643213988619,3.2429808729515223e-13,0.009748702256965223
0.0378074666359934,-0.0306676419026687,3.410146920710662e-13,0.00974870225697074
0.0378947091907466,-0.0306709778216505,3.5859481556932105e-13,0.009748702256976534
0.0379821530619073,-0.0306743292273628,3.7709598583195464e-13,0.00974870225698263
0.0380697987140228,-0.0306776961916936,3.96570307035003e-13,0.009748702256989051
0.0381576466127124,-0.0306810787868643,4.170600298291205e-13,0.009748702256995817
0.0382456972246699,-0.0306844770854315,4.3860184909052994e-13,0.009748702257002943
0.038333951017666,-0.0306878911602887,4.61238290551769e-13,0.00974870225701044
0.0384224084605506,-0.0306913210846674,4.850257241494367e-13,0.009748702257018321
0.0385110700232557,-0.0306947669321394,5.100354033621931e-13,0.009748702257026601
0.0385999361767976,-0.0306982287766175,5.363459426416545e-13,0.009748702257035313
0.0386890073932797,-0.030701706692358,5.640335542183111e-13,0.00974870225704448
0.0387782841458945,-0.0307052007539615,5.931647668386543e-13,0.009748702257054133
0.0388677669089266,-0.030708711036375,6.237988756752338e-13,0.0097487022570643
0.038957456157755,-0.0307122376148932,6.559987767366619e-13,0.009748702257075
0.0390473523688556,-0.0307157805651604,6.898409855433959e-13,0.009748702257086255
0.0391374560198038,-0.0307193399631719,7.254199320103899e-13,0.009748702257098087
0.0392277675892771,-0.0307229158852757,7.62842318515311e-13,0.009748702257110527
0.0393182875570576,-0.0307265084081742,8.022153304784286e-13,0.009748702257123616
0.0394090164040345,-0.0307301176089257,8.436371650174715e-13,0.009748702257137398
0.0394999546122064,-0.0307337435649462,8.871999393291827e-13,0.009748702257151907
0.0395911026646845,-0.030737386354011,9.329964943336169e-13,0.009748702257167181
0.0396824610456948,-0.0307410460542563,9.811359613809065e-13,0.009748702257183247
0.0397740302405803,-0.0307447227441809,1.0317476215945372e-12,0.009748702257200145
0.0398658107358044,-0.0307484165026481,1.0849771628695517e-12,0.009748702257217912
0.0399578030189527,-0.0307521274088871,1.1409731264574994e-12,0.009748702257236605
0.0400500075787361,-0.0307558555424947,1.1998775429045066e-12,0.009748702257256278
0.0401424249049932,-0.0307596009834374,1.2618257445273414e-12,0.009748702257276991
0.0402350554886929,-0.0307633638120526,1.3269569217363289e-12,0.00974870225729879
0.040327899821937,-0.0307671441090505,1.3954273963621646e-12,0.009748702257321728
0.040420958397963,-0.0307709419555162,1.4674188998980746e-12,0.009748702257345851
0.0405142317111464,-0.0307747574329107,1.5431318101880416e-12,0.009748702257371223
0.0406077202570036,-0.0307785906230734,1.622773067417988e-12,0.009748702257397915
0.0407014245321943,-0.0307824416082234,1.7065432994198572e-12,0.009748702257426007
0.0407953450345245,-0.0307863104709614,1.7946391847862945e-12,0.009748702257455574
0.0408894822629486,-0.0307901972942713,1.8872650753195965e-12,0.009748702257486707
0.0409838367175726,-0.0307941021615224,1.9846488925856043e-12,0.00974870225751947
0.0410784088996564,-0.0307980251564707,2.0870471619264973e-12,0.009748702257553933
0.0411731993116167,-0.0308019663632611,2.194739361081304e-12,0.009748702257590185
0.0412682084570295,-0.0308059258664288,2.308011763385989e-12,0.009748702257628325
0.0413634368406327,-0.0308099037509016,2.4271471350647938e-12,0.009748702257668461
0.0414588849683291,-0.0308139001020011,2.552429485377729e-12,0.009748702257710703
0.0415545533471887,-0.0308179150054453,2.6841575431755357e-12,0.00974870225775516
0.0416504424854518,-0.0308219485473496,2.822661405029104e-12,0.009748702257801937
0.0417465528925313,-0.0308260008142293,2.9683061453616858e-12,0.009748702257851146
0.0418428850790158,-0.0308300718930012,3.1214817025721693e-12,0.009748702257902914
0.0419394395566718,-0.0308341618709855,3.282586237109783e-12,0.009748702257957379
0.0420362168384471,-0.0308382708359075,3.4520183250318573e-12,0.009748702258014696
0.0421332174384728,-0.0308423988758998,3.630185918520555e-12,0.009748702258075018
0.0422304418720667,-0.0308465460795039,3.817523940971127e-12,0.009748702258138491
0.0423278906557354,-0.0308507125356723,4.014510431275269e-12,0.009748702258205278
0.0424255643071777,-0.0308548983337704,4.221664078189289e-12,0.009748702258275543
0.0425234633452868,-0.030859103563578,4.439529076455936e-12,0.009748702258349465
0.0426215882901532,-0.030863328315292,4.668660452890339e-12,0.009748702258427243
0.0427199396630677,-0.0308675726795277,4.909621488388037e-12,0.009748702258509089
0.0428185179865241,-0.0308718367473208,5.162999694050423e-12,0.00974870225859522
0.0429173237842215,-0.0308761206101297,5.4294280499717526e-12,0.009748702258685852
0.0430163575810679,-0.0308804243598372,5.7095939570706134e-12,0.009748702258781208
0.0431156199031822,-0.0308847480887525,6.0042303381711375e-12,0.009748702258881532
0.0432151112778976,-0.0308890918896132,6.3140976896781315e-12,0.009748702258987085
0.043314832233764,-0.0308934558555873,6.639972435107112e-12,0.00974870225909815
0.0434147833005509,-0.0308978400802752,6.982655724692796e-12,0.00974870225921502
0.0435149650092505,-0.0309022446577116,7.342997474108241e-12,0.009748702259338004
0.04361537789208,-0.0309066696823677,7.721913355126728e-12,0.009748702259467407
0.043716022482485,-0.030911115249153,8.120385503590878e-12,0.009748702259603555
0.0438168993151419,-0.0309155814534178,8.539444949448112e-12,0.009748702259746798
0.0439180089259608,-0.0309200683909545,8.98015316769717e-12,0.009748702259897518
0.0440193518520887,-0.0309245761580003,9.443606001319992e-12,0.009748702260056107
0.0441209286319118,-0.0309291048512389,9.930952227622186e-12,0.009748702260222987
0.0442227398050589,-0.0309336545678028,1.044342080259112e-11,0.009748702260398583
0.0443247859124039,-0.0309382254052752,1.0982328418557532e-11,0.00974870226058334
0.0444270674960688,-0.0309428174616923,1.1549065508687863e-11,0.009748702260777727
0.0445295850994265,-0.0309474308355451,1.214507627614318e-11,0.009748702260982255
0.0446323392671039,-0.0309520656257818,1.2771852917184543e-11,0.00974870226119746
0.0447353305449846,-0.0309567219318098,1.343095509882094e-11,0.009748702261423905
0.0448385594802118,-0.0309613998534977,1.4124040191399331e-11,0.00974870226166218
0.0449420266211914,-0.0309660994911777,1.485287727414055e-11,0.009748702261912889
0.0450457325175945,-0.0309708209456476,1.5619340419957365e-11,0.009748702262176674
0.045149677720361,-0.0309755643181729,1.6425384797236758e-11,0.009748702262454216
0.0452538627817016,-0.0309803297104893,1.7273038445835624e-11,0.00974870226274624
0.0453582882551018,-0.0309851172248044,1.816441898895309e-11,0.009748702263053514
0.045462954695324,-0.0309899269638002,1.9101766341916323e-11,0.009748702263376837
0.0455678626584106,-0.0309947590306351,2.0087465627852198e-11,0.009748702263717038
0.0456730127016874,-0.0309996135289465,2.1124042532121063e-11,0.009748702264074982
0.0457784053837661,-0.0310044905628526,2.2214139744637608e-11,0.009748702264451597
0.0458840412645475,-0.0310093902369548,2.3360506430935384e-11,0.00974870226484786
0.0459899209052243,-0.0310143126563399,2.4566014974795667e-11,0.00974870226526481
0.0460960448682843,-0.0310192579265825,2.583369837858712e-11,0.009748702265703534
0.0462024137175131,-0.031024226153747,2.71667772151962e-11,0.009748702266165157
0.0463090280179974,-0.0310292174443901,2.856865764365056e-11,0.009748702266650868
0.0464158883361277,-0.031034231905563,3.004290920246183e-11,0.009748702267161909
0.0465229952396019,-0.0310392696448137,3.1593253065536494e-11,0.00974870226769961
0.0466303492974273,-0.0310443307701893,3.3223582759647354e-11,0.009748702268265378
0.0467379510799246,-0.0310494153902383,3.493800596946824e-11,0.009748702268860685
0.0468458011587304,-0.031054523614013,3.674087693067901e-11,0.009748702269487063
0.0469539001068005,-0.0310596555510716,3.8636792613031777e-11,0.009748702270146122
0.0470622484984128,-0.0310648113114811,4.063057274211244e-11,0.009748702270839562
0.0471708469091701,-0.0310699910058189,4.2727249791371776e-11,0.009748702271569173
0.0472796959160039,-0.0310751947451758,4.4932098566032885e-11,0.009748702272336865
0.0473887960971765,-0.031080422641158,4.725068397605661e-11,0.009748702273144626
0.047498148032285,-0.0310856748058897,4.968889436878549e-11,0.00974870227399455
0.0476077523022636,-0.0310909513520154,5.225293730705364e-11,0.009748702274888818
0.0477176094893874,-0.0310962523927024,5.494931975182432e-11,0.009748702275829753
0.0478277201772748,-0.0311015780416432,5.7784846255471073e-11,0.009748702276820332
0.047938084950891,-0.0311069284130578,6.076666039906273e-11,0.009748702277862632
0.0480487043965513,-0.0311123036216963,6.390230088587602e-11,0.009748702278959366
0.0481595791019235,-0.0311177037828414,6.719973219242692e-11,0.009748702280113365
0.0482707096560318,-0.0311231290123107,7.066733777878763e-11,0.009748702281327603
0.0483820966492595,-0.0311285794264592,7.431390202112913e-11,0.009748702282605218
0.0484937406733523,-0.0311340551421821,7.814862683370004e-11,0.009748702283949525
0.0486056423214213,-0.0311395562769168,8.218118672644031e-11,0.009748702285364019
0.0487178021879463,-0.0311450829486459,8.642179213384352e-11,0.009748702286852371
0.0488302208687788,-0.0311506352758993,9.088121408950148e-11,0.009748702288418431
0.0489428989611453,-0.0311562133777572,9.557077195497911e-11,0.009748702290066235
0.0490558370636504,-0.0311618173738522,1.0050232988704584e-10,0.009748702291800044
0.0491690357762802,-0.0311674473843723,1.0568833407747059e-10,0.009748702293624359
0.0492824957004051,-0.0311731035300629,1.1114188875576376e-10,0.009748702295543917
0.0493962174387832,-0.03117878593223,1.168768176702992e-10,0.009748702297563696
0.0495102015955635,-0.0311844947127425,1.2290768016936484e-10,0.009748702299688914
0.0496244487762891,-0.0311902299940348,1.2924976148790055e-10,0.009748702301925058
0.0497389595879006,-0.0311959918991094,1.3591908974133386e-10,0.009748702304277915
0.0498537346387389,-0.0312017805515398,1.429325083844934e-10,0.009748702306753591
0.0499687745385488,-0.0312075960754727,1.5030776612244854e-10,0.009748702309358509
0.0500840798984821,-0.0312134385956311,1.5806356877910362e-10,0.009748702312099415
0.0501996513311008,-0.0312193082373168,1.6621958745529372e-10,0.009748702314983392
0.0503154894503805,-0.031225205126413,1.7479646308342728e-10,0.009748702318017888
0.0504315948717136,-0.0312311293893869,1.8381586518128568e-10,0.009748702321210766
0.0505479682119124,-0.0312370811532929,1.9330059862623558e-10,0.00974870232457031
0.0506646100892126,-0.0312430605457747,2.0327469383463222e-10,0.009748702328105228
0.0507815211232767,-0.0312490676950686,2.1376344460205e-10,0.009748702331824663
0.0508987019351968,-0.0312551027300059,2.2479341882980327e-10,0.009748702335738223
0.0510161531474983,-0.0312611657800157,2.3639250444538666e-10,0.009748702339856035
0.0511338753841432,-0.0312672569751276,2.4859002070578007e-10,0.009748702344188773
0.0512518692705333,-0.0312733764459748,2.614168461690147e-10,0.009748702348747664
0.0513701354335134,-0.0312795322082466,2.7490549498488785e-10,0.00974870235354452
0.0514886745013749,-0.0312857165461121,2.89090145072371e-10,0.009748702358591732
0.051607487103859,-0.0312919295922027,3.040066828125961e-10,0.009748702363902356
0.0517265738721601,-0.0312981714797655,3.196928195541892e-10,0.009748702369490138
0.0518459354389291,-0.0313044423426661,3.36188244822381e-10,0.009748702375369565
0.0519655724382766,-0.0313107423153911,3.535347517853249e-10,0.009748702381555863
0.0520854855057766,-0.0313170715330511,3.717762941636324e-10,0.009748702388065033
0.0522056752784697,-0.0313234301313839,3.9095904224564955e-10,0.009748702394913903
0.0523261423948666,-0.0313298182467571,4.111315032831731e-10,0.009748702402120193
0.0524468874949511,-0.0313362360161712,4.3234470887332735e-10,0.009748702409702572
0.0525679112201842,-0.0313426835772621,4.5465238368403764e-10,0.009748702417680685
0.0526892142135067,-0.0313491610683049,4.781110450258952e-10,0.009748702426075173
0.0528107971193433,-0.0313556686282161,5.027800795978938e-10,0.009748702434907736
0.0529326605836056,-0.0313622063965567,5.287218825873011e-10,0.009748702444201226
0.0530548052536957,-0.0313687745135355,5.560020780986732e-10,0.009748702453979699
0.0531772317785096,-0.031375373120012,5.846897371906976e-10,0.00974870246426849
0.0532999408084409,-0.0313820023574992,6.148575292202492e-10,0.009748702475094224
0.0534229329953835,-0.0313886623681669,6.465818289183329e-10,0.009748702486484895
0.053546208992736,-0.0313953532948445,6.799428904983253e-10,0.00974870249846996
0.0536697694554047,-0.0314020752810242,7.150251079126247e-10,0.009748702511080438
0.053793615039807,-0.0314088284708642,7.519172940509474e-10,0.00974870252434899
0.053917746403875,-0.0314156130091916,7.907128840321066e-10,0.009748702538309954
0.0540421642070591,-0.0314224290415055,8.315100942135197e-10,0.009748702552999436
0.0541668691103315,-0.0314292767139802,8.744121402254682e-10,0.00974870256845542
0.0542918617761894,-0.0314361561734682,9.195275583067386e-10,0.0097487025847179
0.0544171428686589,-0.0314430675675037,9.669705518878222e-10,0.009748702601828984
0.0545427130532983,-0.0314500110443053,1.016861260956505e-09,0.009748702619832954
0.0546685729972018,-0.0314569867527795,1.0693259811113436e-09,0.009748702638776374
0.0547947233690028,-0.0314639948425237,1.1244974524123207e-09,0.009748702658708221
0.0549211648388778,-0.0314710354638296,1.1825152601305371e-09,0.009748702679680069
0.0550478980785497,-0.0314781087676862,1.2435262636821215e-09,0.009748702701746203
0.0551749237612912,-0.0314852149057831,1.3076849419437403e-09,0.009748702724963728
0.055302242561929,-0.0314923540305139,1.3751536940067076e-09,0.009748702749392683
0.0554298551568466,-0.0314995262949795,1.446103222677124e-09,0.009748702775096235
0.0555577622239887,-0.0315067318529908,1.5207130444701315e-09,0.009748702802140878
0.0556859644428641,-0.0315139708590728,1.5991720160382851e-09,0.009748702830596609
0.0558144624945496,-0.0315212434684675,1.6816787720431903e-09,0.009748702860541233
0.0559432570616937,-0.0315285498371371,1.768442131623707e-09,0.009748702892062564
0.0560723488285203,-0.0315358901217678,1.8596816150068581e-09,0.009748702925229407
0.0562017384808318,-0.0315432644797725,1.955628091494832e-09,0.009748702960127656
0.0563314267060135,-0.0315506730692948,2.05652442481934e-09,0.009748702996847717
0.0564614141930367,-0.031558116049212,2.162626025766666e-09,0.009748703035484684
0.0565917016324624,-0.0315655935791389,2.2742014017047484e-09,0.009748703076138574
0.0567222897164454,-0.0315731058194306,2.391532851183055e-09,0.00974870311891462
0.0568531791387375,-0.0315806529311864,2.514917283739705e-09,0.009748703163923591
0.0569843705946913,-0.0315882350762534,2.644667010978401e-09,0.009748703211282062
0.0571158647812643,-0.0315958524172293,2.7811104443255342e-09,0.009748703261112658
0.0572476623970217,-0.0316035051174665,2.924592843088698e-09,0.009748703313544362
0.0573797641421413,-0.0316111933410755,3.075477239941384e-09,0.009748703368712891
0.0575121707184161,-0.0316189172529281,3.2341454739878157e-09,0.009748703426761093
0.0576448828292587,-0.0316266770186613,3.4009991505614967e-09,0.009748703487839292
0.057777901179705,-0.0316344728046807,3.576460542093765e-09,0.009748703552105605
0.0579112264764175,-0.0316423047781638,3.760973607058884e-09,0.009748703619726367
0.0580448594276897,-0.0316501731070641,3.955005211432346e-09,0.00974870369087661
0.0581788007434493,-0.0316580779601145,4.159046403941724e-09,0.009748703765740559
0.0583130511352622,-0.0316660195068305,4.3736135951681924e-09,0.009748703844512032
0.0584476113163363,-0.0316739979175146,4.5992497445874005e-09,0.009748703927394924
0.0585824820015253,-0.0316820133632593,4.836525743342472e-09,0.009748704014603735
0.0587176639073325,-0.0316900660159509,5.0860419932481095e-09,0.009748704106364208
0.0588531577519144,-0.0316981560482735,5.3484299627105275e-09,0.00974870420291389
0.0589889642550849,-0.0317062836337125,5.624353664013946e-09,0.009748704304502708
0.0591250841383187,-0.031714448946558,5.914511247378464e-09,0.009748704411393572
0.0592615181247555,-0.0317226521619092,6.219636858529153e-09,0.009748704523863106
0.0593982669392035,-0.0317308934556775,6.5405026192517725e-09,0.009748704642202427
0.0595353313081436,-0.0317391730045907,6.8779205278704205e-09,0.009748704766717853
0.0596727119597331,-0.0317474909861967,7.232744371174302e-09,0.009748704897731632
0.0598104096238094,-0.031755847578867,7.605871886152913e-09,0.009748705035582794
0.0599484250318941,-0.031764242961801,7.998247181268752e-09,0.009748705180628077
0.0600867589171968,-0.0317726773150295,8.410863167824172e-09,0.009748705333242888
0.0602254120146192,-0.0317811508194187,8.844763935729724e-09,0.009748705493822198
0.0603643850607586,-0.031789663656674,9.301047302839536e-09,0.00974870566278152
0.0605036787939122,-0.0317982160093439,9.780867705198628e-09,0.009748705840558047
0.0606432939540806,-0.0318068080608241,1.0285439248373058e-08,0.009748706027611829
0.0607832312829723,-0.0318154399953611,1.0816038694047856e-08,0.009748706224426931
0.0609234915240071,-0.0318241119980563,1.1374008535502105e-08,0.009748706431512624
0.0610640754223204,-0.0318328242548701,1.1960760435958456e-08,0.009748706649404701
0.061204983724767,-0.0318415769526257,1.2577778968380056e-08,0.009748706878666946
0.061346217179925,-0.0318503702790133,1.3226625372843417e-08,0.009748707119892593
0.0614877765381002,-0.0318592044225937,1.3908941328125402e-08,0.009748707373705806
0.0616296625513294,-0.031868079572803,1.4626453061734498e-08,0.009748707640763233
0.0617718759733849,-0.0318769959199559,1.5380975887946385e-08,0.009748707921755783
0.0619144175597784,-0.0318859536552505,1.6174418880027045e-08,0.009748708217410466
0.062057288067765,-0.0318949529707718,1.700878954183729e-08,0.009748708528492226
0.0622004882563471,-0.0319039940594963,1.78861987660555e-08,0.009748708855805829
0.0623440188862786,-0.0319130771152958,1.880886631371195e-08,0.009748709200197988
0.0624878807200689,-0.0319222023329416,1.9779126576660443e-08,0.00974870956255965
0.0626320745219869,-0.0319313699081088,2.0799434362661305e-08,0.009748709943828256
0.062776601058065,-0.0319405800373805,2.1872370932975833e-08,0.009748710344990094
0.0629214610961034,-0.0319498329182519,2.30006506217305e-08,0.009748710767082827
0.063066655405674,-0.0319591287491344,2.418712789404473e-08,0.009748711211198281
0.0632121847581245,-0.0319684677293603,2.543480449808628e-08,0.009748711678485301
0.0633580499265825,-0.0319778500591866,2.6746836847125183e-08,0.009748712170152597
0.0635042516859596,-0.0319872759397996,2.812654404629992e-08,0.00974871268747184
0.0636507908129557,-0.0319967455733189,2.957741650398265e-08,0.009748713231781052
0.0637976680860628,-0.0320062591628022,3.1103124743237315e-08,0.009748713804488104
0.0639448842855694,-0.0320158169122491,3.270752845107651e-08,0.009748714407074281
0.0640924401935645,-0.0320254190266059,3.439468624122269e-08,0.009748715041098022
0.0642403365939419,-0.0320350657117699,3.6168866151697984e-08,0.009748715708199043
0.0643885742724042,-0.0320447571745934,3.8034556456818944e-08,0.009748716410102644
0.064537154016467,-0.032054493622889,3.9996476778215023e-08,0.009748717148624115
0.0646860766154632,-0.032064275265433,4.2059589982957766e-08,0.009748717925673315
0.0648353428605472,-0.0320741023119707,4.4229114982173145e-08,0.009748718743259657
0.0649849535446989,-0.0320839749732206,4.6510539973182643e-08,0.009748719603497442
0.065134909462728,-0.0320938934608788,4.8909636063289126e-08,0.009748720508611239
0.0652852114112784,-0.0321038579876236,5.1432471812084316e-08,0.009748721461191098
0.0654358601888323,-0.0321138687671202,5.408542883622288e-08,0.00974872246380875
0.0655868565957143,-0.0321239260140252,5.687521800353625e-08,0.009748723518758414
0.0657382014340958,-0.0321340299439911,5.980889612783708e-08,0.009748724628770987
0.0658898955079995,-0.0321441807736709,6.289388376555415e-08,0.009748725796719742
0.066041939623303,-0.032154378720723,6.61379842557846e-08,0.009748727025627799
0.0661943345877439,-0.0321646240038157,6.954940349531635e-08,0.009748728318676072
0.0663470812109234,-0.0321749168426317,7.313677039616337e-08,0.009748729679211468
0.0665001803043112,-0.0321852574578732,7.690915867749613e-08,0.009748731110755414
0.0666536326812491,-0.0321956460712662,8.087611010415128e-08,0.00974873261701298
0.0668074391569561,-0.0322060829055656,8.504765862566987e-08,0.00974873420188259
0.0669616005485322,-0.0322165681845598,8.943435542819606e-08,0.009748735869466093
0.0671161176749628,-0.0322271021330755,9.404729563938465e-08,0.009748737624079212
0.0672709913571233,-0.0322376849769826,9.889814669526077e-08,0.009748739470262757
0.0674262224177834,-0.032248316943199,1.0399917778171328e-07,0.009748741412794467
0.067581811681611,-0.0322589982596953,1.0936329053375625e-07,0.009748743456701363
0.0677377599751775,-0.0322697291554999,1.1500405175506457e-07,0.009748745607272584
0.0678940681269611,-0.032280509860704,1.209357280367731e-07,0.009748747870073116
0.068050736967352,-0.0322913406064661,1.2717332167063216e-07,0.009748750250958312
0.0682077673286568,-0.0323022216250173,1.3373260827545258e-07,0.009748752756088958
0.0683651600451023,-0.0323131531496662,1.4063017689018918e-07,0.009748755391947096
0.0685229159528406,-0.032324135414804,1.4788347218925624e-07,0.009748758165352837
0.068681035889953,-0.0323351686559092,1.5551083830921053e-07,0.0097487610834821
0.0688395206964549,-0.0323462531095529,1.6353156499640505e-07,0.009748764153885087
0.0689983712143001,-0.032357389013404,1.71965936706072e-07,0.009748767384505697
0.0691575882873852,-0.0323685766062338,1.8083528403516914e-07,0.009748770783702152
0.069317172761554,-0.0323798161279217,1.901620372696932e-07,0.009748774360268683
0.0694771254846023,-0.0323911078194598,1.999697830163561e-07,0.009748778123458151
0.0696374473062822,-0.0324024519229586,2.102833242336207e-07,0.009748782083005907
0.0697981390783066,-0.0324138486816518,2.2112874289604655e-07,0.009748786249155053
0.0699592016543537,-0.0324252983399014,2.325334655127418e-07,0.009748790632682976
0.0701206358900718,-0.0324368011432034,2.445263326129056e-07,0.009748795244929049
0.0702824426430834,-0.0324483573381929,2.5713767202539226e-07,0.009748800097823947
0.0704446227729903,-0.0324599671726489,2.703993752634003e-07,0.009748805203920591
0.0706071771413777,-0.0324716308955003,2.843449778335083e-07,0.009748810576426573
0.0707701066118189,-0.032483348756831,2.990097443926187e-07,0.009748816229238155
0.0709334120498799,-0.0324951210078848,3.144307580616904e-07,0.00974882217697624
0.0710970943231243,-0.0325069479010717,3.306470136945876e-07,0.009748828435024245
0.0712611543011174,-0.0325188296899722,3.476995164275625e-07,0.009748835019567784
0.0714255928554312,-0.0325307666293438,3.656313858041855e-07,0.009748841947636385
0.0715904108596488,-0.0325427589751257,3.844879645928164e-07,0.009748849237147606
0.0717556091893692,-0.0325548069844445,4.043169329533978e-07,0.00974885690695338
0.0719211887222119,-0.03256691091562,4.251684293083856e-07,0.009748864976888602
0.0720871503378213,-0.0325790710281703,4.470951773552517e-07,0.009748873467822333
0.0722534949178721,-0.0325912875828175,4.701526188302833e-07,0.00974888240171187
0.0724202233460731,-0.0326035608414935,4.943990535400105e-07,0.009748891801659441
0.0725873365081725,-0.0326158910673452,5.198957872576776e-07,0.009748901691971734
0.0727548352919622,-0.0326282785247407,5.46707286494134e-07,0.009748912098222777
0.0729227205872831,-0.0326407234792743,5.74901340930989e-07,0.009748923047320111
0.0730909932860291,-0.0326532261977727,6.045492351571109e-07,0.009748934567574166
0.0732596542821523,-0.0326657869483005,6.357259291166739e-07,0.00974894668877131
0.0734287044716676,-0.0326784060001661,6.685102469643748e-07,0.009748959442250956
0.0735981447526576,-0.0326910836239271,7.029850762653337e-07,0.009748972860986516
0.0737679760252773,-0.0327038200913965,7.392375780597049e-07,0.009748986979670369
0.0739381991917586,-0.0327166156756484,7.773594067981297e-07,0.00974900183480355
0.0741088151564157,-0.0327294706510237,8.17446941519828e-07,0.009749017464790174
0.0742798248256491,-0.0327423852931362,8.596015299904369e-07,0.009749033910036457
0.0744512291079513,-0.0327553598788782,9.039297449140192e-07,0.009749051213054976
0.0746230289139111,-0.0327683946864268,9.505436525628952e-07,0.009749069418574657
0.0747952251562182,-0.0327814899952497,9.995610962551651e-07,0.009749088573656287
0.0749678187496687,-0.032794646086111,1.051105994642624e-06,0.009749108727813802
0.0751408106111696,-0.0328078632410776,1.1053086541976328e-06,0.009749129933142269
0.0753142016597437,-0.0328211417435247,1.1623060983535884e-06,0.009749152244452578
0.0754879928165343,-0.0328344818781425,1.22224241446514e-06,0.00974917571941274
0.0756621850048105,-0.0328478839309418,1.2852691175064523e-06,0.009749200418696716
0.0758367791499719,-0.0328613481892603,1.3515455324010223e-06,0.009749226406141356
0.0760117761795532,-0.0328748749417689,1.4212391973114166e-06,0.009749253748911123
0.0761871770232299,-0.0328884644784777,1.4945262869509303e-06,0.009749282517671237
0.0763629826128224,-0.0329021170907422,1.5715920569429231e-06,0.009749312798474852
0.0765391938823014,-0.0329158330712696,1.652631312435008e-06,0.009749344665849839
0.076715811767793,-0.032929612714125,1.737848900647412e-06,0.009749378196090201
0.0768928372075831,-0.032943456314738,1.82746022756037e-06,0.009749413475940737
0.0770702711421229,-0.0329573641699085,1.921691802400303e-06,0.00974945059667026
0.077248114514034,-0.0329713365778135,2.020781810568893e-06,0.00974948965430714
0.0774263682681127,-0.0329853738380134,2.1249807145570505e-06,0.009749530749887355
0.0776050333513357,-0.0329994762514581,2.2345518866787435e-06,0.009749573989715928
0.0777841107128648,-0.0330136441204939,2.3497722752969336e-06,0.00974961948564144
0.0779636013040523,-0.0330278777488697,2.470933103758521e-06,0.009749667355344757
0.0781435060784454,-0.0330421774417436,2.598340605792998e-06,0.009749717722643441
0.0783238259917919,-0.0330565435056893,2.7323168001057157e-06,0.009749770717811655
0.0785045620020451,-0.033070976248703,2.8732003032754384e-06,0.009749826477916352
0.0786857150693685,-0.0330854759802094,3.021347184622691e-06,0.009749885147171665
0.0788672861561415,-0.0331000430110691,3.177131866717987e-06,0.009749946877311632
0.0790492762269642,-0.0331146776535845,3.340948070750721e-06,0.009750011827981743
0.0792316862486625,-0.0331293802215071,3.513209810378627e-06,0.009750080167151527
0.0794145171902934,-0.0331441510300437,3.694352438614007e-06,0.009750152071548706
0.0795977700231498,-0.0331589903958637,3.884833747131846e-06,0.009750227727115292
0.0797814457207662,-0.0331738986371053,4.085135121798615e-06,0.009750307329487931
0.0799655452589234,-0.0331888760733829,4.295762759733006e-06,0.009750391084503578
0.080150069615654,-0.0332039230257933,4.517248947519883e-06,0.009750479208730733
0.0803350197712473,-0.0332190398169232,4.750153404779356e-06,0.009750571930028795
0.0805203967082547,-0.0332342267708557,4.995064699097188e-06,0.00975066948813692
0.080706201411495,-0.0332494842131774,5.252601732153942e-06,0.009750772135292804
0.0808924348680594,-0.0332648124709853,5.523415301993052e-06,0.009750880136884046
0.0810790980673168,-0.0332802118728939,5.808189748011183e-06,0.009750993772133893
0.0812661920009194,-0.0332956827490421,6.107644678723184e-06,0.009751113334821917
0.0814537176628074,-0.0333112254311004,6.42253678839728e-06,0.009751239134042593
0.0816416760492146,-0.0333268402522781,6.753661769500198e-06,0.009751371495003831
0.0818300681586739,-0.03334252754733,7.101856321317591e-06,0.009751510759866324
0.082018894992022,-0.033358287652564,7.468000262437577e-06,0.00975165728862696
0.0822081575524054,-0.0333741209058482,7.853018754082598e-06,0.009751811460048752
0.0823978568452851,-0.0333900276466181,8.257884635211283e-06,0.009751973672638277
0.0825879938784426,-0.0334060082158836,8.683620879118507e-06,0.009752144345674596
0.0827785696619847,-0.033422062956237,9.131303178031772e-06,0.009752323920292067
0.0829695852083491,-0.0334381922118595,9.602062657856228e-06,0.009752512860618671
0.0831610415323096,-0.0334543963285292,1.0097088734971345e-05,0.009752711654974358
0.0833529396509819,-0.0334706756536282,1.0617632120582691e-05,0.009752920817131878
0.0835452805838286,-0.0334870305361501,1.1165007977057722e-05,0.009753140887642463
0.0837380653526649,-0.0335034613267075,1.1740599240023838e-05,0.009753372435231493
0.0839312949816636,-0.0335199683775395,1.2345860110402868e-05,0.009753616058266574
0.0841249704973611,-0.0335365520425191,1.2982319724600306e-05,0.009753872386301448
0.0843190929286625,-0.0335532126771612,1.365158601731282e-05,0.009754142081701434
0.0845136633068471,-0.0335699506386296,1.435534978034155e-05,0.00975442584135275
0.084708682665574,-0.0335867662857452,1.509538893081774e-05,0.00975472439846069
0.0849041520408874,-0.0336036599789933,1.5873573001938573e-05,0.009755038524442514
0.0851000724712224,-0.0336206320805315,1.6691867860990395e-05,0.009755369030917683
0.0852964449974102,-0.0336376829541976,1.7552340673310512e-05,0.009755716771802285
0.0854932706626838,-0.033654812965517,1.845716512200829e-05,0.009756082645513123
0.0856905505126835,-0.0336720224817108,1.9408626893414862e-05,0.009756467597285223
0.0858882855954625,-0.0336893118717037,2.0409129449576527e-05,0.009756872621611266
0.0860864769614924,-0.0337066815061316,2.146120009472928e-05,0.0097572987648078
0.0862851256636689,-0.0337241317573499,2.256749635453468e-05,0.009757747127714145
0.0864842327573172,-0.0337416629994413,2.373081268696061e-05,0.009758218868533428
0.0866837993001977,-0.0337592756082237,2.4954087533831053e-05,0.009758715205820317
0.0868838263525118,-0.0337769699612587,2.6240410740034903e-05,0.009759237421624423
0.0870843149769072,-0.0337947464378588,2.75930313531356e-05,0.00975978686479857
0.0872852662384837,-0.0338126054190966,2.9015365822750177e-05,0.009760364954477522
0.087486681204799,-0.0338305472878122,3.051100662714304e-05,0.009760973183739198
0.0876885609458743,-0.0338485724286216,3.2083731338258376e-05,0.009761613123456468
0.0878909065341995,-0.033866681227925,3.373751215801492e-05,0.009762286426348143
0.0880937190447399,-0.033884874073915,3.547652594468436e-05,0.00976299483124296
0.0882969995549408,-0.033903151356585,3.7305164752819625e-05,0.009763740167563885
0.0885007491447343,-0.0339215134677376,3.922804692186861e-05,0.009764524360046272
0.088704968896544,-0.0339399608009927,4.1250028728867e-05,0.009765349433702839
0.0889096598952916,-0.0339584937517961,4.3376216647090166e-05,0.009766217519044957
0.089114823228402,-0.0339771127174282,4.561198023324382e-05,0.00976713085757785
0.0893204599858096,-0.0339958180970121,4.79629656770645e-05,0.00976809230089967
0.0895265712599639,-0.0340146102915223,5.0435110053880845e-05,0.009769103981018202
0.0897331581458352,-0.0340334897037935,5.303465630322246e-05,0.009770168428495
0.0899402217409204,-0.0340524567385289,5.576816898765789e-05,0.009771288394640249
0.0901477631452491,-0.0340715118023089,5.86425508553335e-05,0.00977246677416763
0.0903557834613892,-0.0340906553036002,6.166506026051202e-05,0.0097737066126663
0.0905642837944529,-0.0341098876527641,6.484332947996294e-05,0.009775011114460655
0.0907732652521022,-0.0341292092620653,6.818538396948906e-05,0.009776383650881966
0.0909827289445556,-0.0341486205456811,7.169966261917999e-05,0.009777827768968017
0.0911926759845929,-0.0341681219197098,7.539503904123401e-05,0.009779347200617875
0.0914031074875623,-0.0341877138021801,7.928084396670758e-05,0.009780945872222837
0.0916140245713851,-0.0342073966130596,8.336688878163211e-05,0.009782627914797703
0.0918254283565628,-0.034227170774264,8.766349028903813e-05,0.009784397674642523
0.0920373199661822,-0.0342470367096661,9.218149673274014e-05,0.009786259724555546
0.0922497005259217,-0.034266994845105,9.693231517307442e-05,0.009788218875634441
0.0924625711640574,-0.034287045608395,0.0001019279402619,0.009790280189688073
0.0926759330114687,-0.0343071894293349,0.0001071809845078,0.009792448992297519
0.092889787201645,-0.0343274267397172,0.0001127047100927,0.00979473088655561
0.0931041348706907,-0.0343477579733371,0.0001185130623318,0.00979713176752198
0.0933189771573324,-0.0343681835660022,0.0001246207048529,0.009799657837431993
0.0935343152029238,-0.0343887039555417,0.0001310430565889,0.009802315621695281
0.0937501501514528,-0.0344093195818153,0.0001377963306741,0.009805111985730218
0.0939664831495469,-0.0344300308867236,0.0001448975753432,0.009808054152671606
0.0941833153464795,-0.0344508383142163,0.0001523647169361,0.009811149722003535
0.094400647894176,-0.034471742310303,0.0001602166051169,0.009814406689159358
0.09461848194722,-0.0344927433230616,0.0001684730604205,0.009817833466144593
0.0948368186628592,-0.0345138418026488,0.0001771549242474,0.009821438903231405
0.0950556592010119,-0.0345350382013092,0.0001862841114325,0.009825232311784142
0.0952750047242729,-0.0345563329733851,0.0001958836655195,0.009829223488271845
0.0954948563979196,-0.0345777265753262,0.0002059778168819,0.009833422739531625
0.0957152153899186,-0.0345992194656996,0.0002165920438351,0.009837840909346638
0.0959360828709314,-0.0346208121051993,0.0002277531368956,0.009842489406408018
0.096157460014321,-0.0346425049566564,0.0002394892663467,0.009847380233731799
0.0963793479961578,-0.0346642984850485,0.0002518300532841,0.009852526019607556
0.0966017479952264,-0.0346861931575103,0.0002648066443176,0.009857940050157641
0.0968246611930312,-0.034708189443343,0.0002784517901183,0.009863636303591326
0.097048088773803,-0.0347302878140247,0.0002927999280098,0.00986962948624157
0.0972720319245054,-0.0347524887432205,0.0003078872688099,0.009875935070477841
0.0974964918348408,-0.0347747927067925,0.0003237518881435,0.009882569334591838
0.0977214696972572,-0.0347972001828098,0.0003404338224547,0.009889549404759088
0.0979469667069539,-0.0348197116515594,0.0003579751699617,0.009896893299184691
0.0981729840618883,-0.0348423275955557,0.000376420196808,0.009904619974546261
0.0983995229627823,-0.0348650484995512,0.0003958154486771,0.009912749374853914
0.0986265846131282,-0.0348878748505471,0.0004162098681524,0.009921302482853122
0.0988541702191957,-0.0349108071378031,0.000437654918118,0.009930301374102373
0.0990822809900379,-0.0349338458528485,0.0004602047115103,0.009939769273865053
0.0993109181374979,-0.0349569914894924,0.0004839161477482,0.009949730616961817
0.0995400828762152,-0.0349802445438344,0.0005088490561851,0.009960211110737327
0.099769776423632,-0.035003605514275,0.0005350663469438,0.009971237801303705
0.1,-0.0350270749015266,0.0026023055210308,0.010142216816284471
0.1019019019019019,-0.0352214978439067,0.0351175438277405,0.01269286257379626
0.1038038038038038,-0.0354196511251664,0.0676199609768632,0.015243025904207536
0.1057057057057057,-0.0356215352918944,0.1000803202615034,0.01779044940962842
0.1076076076076076,-0.0358271508785124,0.1324694048301229,0.02033287865965399
0.1095095095095095,-0.0360364984077189,0.1647580433175067,0.022868064268019996
0.1114114114114114,-0.0362495783909096,0.1969171354518223,0.02539376397124333
0.1133133133133133,-0.0364663913285761,0.2289176776158244,0.02790774470773277
0.1152152152152152,-0.0366869377106835,0.2607307883404394,0.030407784695881075
0.1171171171171171,-0.03691121801703,0.2923277337087512,0.032891675509642476
0.119019019019019,-0.0371392327175876,0.3236799526488269,0.036376011333799876
0.1209209209209209,-0.0373709822728271,0.3547590820935262,0.05545045675505244
0.1228228228228228,-0.0376064671340269,0.3855369819858494,0.07650766939670567
0.1247247247247247,-0.0378456877435673,0.4159857601082601,0.09750867845874146
0.1266266266266266,-0.0380886445352114,0.4460777967147044,0.11843387660280544
0.1285285285285285,-0.038335337934373,0.4757857689441635,0.13926372071385948
0.1304304304304304,-0.0385857683583722,0.5050826749946745,0.15997874996056904
0.1323323323323323,-0.0388399362166802,0.5339418580370293,0.18055960378579403
0.1342342342342342,-0.0390978419111525,0.5623370298475265,0.2009869418463923
0.1361361361361361,-0.0393594858362527,0.5902422941394033,0.2212396752990629
0.138038038038038,-0.0396248683792669,0.6176321695727561,0.24130045661431915
0.1399399399399399,-0.0398939899205086,0.6444816124230531,0.2611505106533811
0.1418418418418418,-0.0401668508335152,0.6707660388886069,0.2807712517344796
0.1437437437437437,-0.0404434514852368,0.6964613470177026,0.3001443008509224
0.1456456456456456,-0.0407237922362172,0.7215439382363179,0.3192515027049697
0.1475475475475475,-0.0410078734407675,0.7459907384576694,0.33807494254183545
0.1494494494494494,-0.0412956954471334,0.7697792187553113,0.3565969627684245
0.1513513513513513,-0.0415872585976557,0.7928874155817287,0.3748001793415044
0.1532532532532532,-0.0418825632289241,0.8152939505146787,0.3926674979102731
0.1551551551551551,-0.0421816096719267,0.8369780495141399,0.41018212969852497
0.157057057057057,-0.0424843982521923,0.8579195616729276,0.4273276071117374
0.1589589589589589,-0.0427909292899283,0.8780989774444895,0.4440877990547946
0.1608608608608608,-0.0431012031001536,0.8974974463318879,0.4604469259461993
0.1627627627627627,-0.0434152199928264,0.916096794022397,0.47638957441500096
0.1646646646646646,-0.0437329802729676,0.9338795389524662,0.4919007116668161
0.1665665665665665,-0.0440544842407801,0.9508289082884672,0.5069656995057544
0.1684684684684684,-0.0443797321917634,0.9669288533090332,0.5215703079993068
0.1703703703703703,-0.0447087244168248,0.9821640641751712,0.5357007287735499
0.1722722722722722,-0.0450414612023865,0.9965199840751144,0.5493435879263903
0.1741741741741742,-0.0453779428304894,1.009982822731008,0.5624859585468864
0.176076076076076,-0.0457181695788932,1.0225395692555237,0.575115372829102
0.1779779779779779,-0.0460621417211731,1.0341780043465183,0.5872198337691954
0.1798798798798798,-0.0464098595268138,1.0448867118088287,0.598787826434946
0.1817817817817817,-0.0467613232613002,1.0546550893926347,0.60980832879724
0.1836836836836836,-0.047116533186205,1.063473358938379,0.6202708221133822
0.1855855855855855,-0.0474754895592742,1.071332575818917,0.6301653008526514
0.1874874874874875,-0.0478381926345089,1.0782246376700444,0.6394822821547744
0.1893893893893893,-0.0482046426622461,1.0841422924012765,0.6482128148125119
0.1912912912912913,-0.0485748398892351,1.0890791454791504,0.6563484877699145
0.1931931931931932,-0.0489487845587133,1.0930296664761017,0.663881438128307
0.1950950950950951,-0.0493264769104789,1.095989194878557,0.6708043586524711
0.196996996996997,-0.0497079171809616,1.0979539451483478,0.6771105047699062
0.1988988988988989,-0.0500931056032911,1.0989210110324326,0.6827937010566151
0.2008008008008008,-0.0504820424073637,1.0988883691162683,0.6878483472031955
0.2027027027027027,-0.0508747278199073,1.09785488161699,0.6922694234555877
0.2046046046046046,-0.0512711620645441,1.095820298413184,0.6960524955252483
0.2065065065065065,-0.0516713453618515,1.092785258308543,0.6991937189640354
0.2084084084084084,-0.0520752779294216,1.0887512895274922,0.7016898429995534
0.2103103103103103,-0.0524829599819192,1.0837208094413977,0.7035382138271696
0.2122122122122122,-0.0528943917311374,1.0776971235247752,0.7047367773554915
0.2141141141141141,-0.0533095733860528,1.070684423541311,0.7052840814024796
0.216016016016016,-0.0537285051528782,1.0626877849604428,0.7051792773399621
0.2179179179179179,-0.0541511872351144,1.053713163605689,0.7044221211847563
0.2198198198198198,-0.0545776198336007,1.0437673915366572,0.7030129741351246
0.2217217217217217,-0.0550078031465638,1.0328581721673051,0.7009528025518237
0.2236236236236236,-0.0554417373696653,1.0209940746235795,0.6982431773834543
0.2255255255255255,-0.0558794226960488,1.0081845273444974,0.6948862730363807
0.2274274274274274,-0.0563208593163847,0.994439810930844,0.6908848656899316
0.2293293293293293,-0.0567660474189144,0.9797710502468958,0.6862423310581852
0.2312312312312312,-0.0572149871894935,0.9641902057808384,0.6809626416000494
0.2331331331331331,-0.0576676788116339,0.947710064270258,0.6750503631799176
0.235035035035035,-0.0581241224665443,0.9303442285997604,0.6685106511816538
0.2369369369369369,-0.0585843183331704,0.9121071069784074,0.6613492460791722
0.2388388388388388,-0.0590482665882338,0.8930139014051617,0.6535724684673528
0.2407407407407407,-0.05951596740627,0.8730805954313388,0.6451872135575263
0.2426426426426426,-0.0599874209596655,0.8523239412294586,0.636200945142328
0.2445445445445445,-0.0604626274186938,0.8307614459785879,0.6266216890350433
0.2464464464464464,-0.0609415869515511,0.8084113575769303,0.6164580259892083
0.2483483483483483,-0.0614242997243906,0.7852926496928532,0.6057190841046446
0.2502502502502503,-0.061910765901356,0.7614250061661488,0.5944145307265382
0.2521521521521521,-0.0624009856446148,0.7368288047720833,0.5825545638446841
0.254054054054054,-0.0628949591143905,0.7115251003610041,0.570149903000501
0.2559559559559559,-0.0633926864689934,0.6855356073870998,0.5572117797097639
0.2578578578578578,-0.0638941678648523,0.6588826818403458,0.5437519274096062
0.2597597597597597,-0.0643994034565435,0.6315893025961646,0.5297825709386208
0.2616616616616616,-0.0649083933968211,0.603679052197879,0.5153164155594293
0.2635635635635636,-0.0654211378366451,0.5751760970875198,0.5003650856706968
0.2654654654654654,-0.0659376369252096,0.5461051673010829,0.48493943073263135
0.2673673673673673,-0.0664578908099705,0.516491535644744,0.4690582130573403
0.2692692692692693,-0.0669818996366722,0.4863609963689624,0.4527359568679174
0.2711711711711712,-0.0675096635493737,0.4557398433580542,0.4359876047693244
0.273073073073073,-0.0680411826904749,0.4246548478530768,0.4188285042212359
0.274974974974975,-0.0685764572007412,0.3931332357261745,0.401274393630852
0.2768768768768769,-0.0691154872193284,0.3612026643253382,0.3833413880781348
0.2787787787787787,-0.0696582728838069,0.328891198908526,0.36504596468625694
0.2806806806806806,-0.0702048143301852,0.2962272886866764,0.3464049476504573
0.2825825825825825,-0.0707551116929332,0.263239742495385,0.3274354929387055
0.2844844844844845,-0.0713091651050048,0.2299577041155619,0.30815507267798975
0.2863863863863863,-0.07186697469786,0.1964106272634809,0.2885814592402145
0.2882882882882883,-0.0724285406014868,0.1626282502710558,0.2687327090421755
0.2901901901901902,-0.0729938629444226,0.1286405704775069,0.24862714607411174
0.2920920920920921,-0.0735629418537747,0.0944778183538014,0.22828334517171334
0.293993993993994,-0.0741357774552414,0.0601704313815121,0.2077201150467673
0.2958958958958959,-0.0747123698731315,0.0257490277080241,0.18695648109169793
0.2977977977977978,-0.0752927192303844,-0.0087556203997925,0.16601166797362604
0.2996996996996997,-0.075876825648589,-0.0433126132810863,0.1449050820336141
0.3016016016016016,-0.076464689248003,-0.0778909507632211,0.12365629350713649
0.3035035035035035,-0.0770563101475713,-0.1124595591778873,0.10228501858183263
0.3054054054054054,-0.0776516884649442,-0.1469873184883681,0.08081110130879936
0.3073073073073072,-0.0782508243164952,-0.1814430895049055,0.05925449538392179
0.3092092092092092,-0.0788537178173386,-0.2157957411650752,0.037635245815694066
0.3111111111111111,-0.0794603690813467,-0.2500141778560011,0.015973470496252983
0.313013013013013,-0.0800707782211666,-0.2840673667551459,-0.005710658307659887
0.3149149149149149,-0.0806849453482369,-0.3179243651662571,-0.0273969325268901
0.3168168168168168,-0.0813028705728038,-0.3515543478272011,-0.04906512690839954
0.3187187187187187,-0.081924554003937,-0.3849266341662732,-0.07069501766309837
0.3206206206206206,-0.0825499957495456,-0.418010715483551,-0.09226640112598737
0.3225225225225225,-0.0831791959163932,-0.4507762820339484,-0.11375911241161973
0.3244244244244244,-0.0838121546101133,-0.4831932499886753,-0.13515304404776485
0.3263263263263263,-0.0844488719352238,-0.5152317882517808,-0.1564281645703372
0.3282282282282282,-0.0850893479951418,-0.5468623451086208,-0.1775645370625311
0.3301301301301301,-0.0857335828921977,-0.5780556746831224,-0.19854233762122034
0.332032032032032,-0.0863815767276496,-0.608782863180957,-0.21934187373365222
0.3339339339339339,-0.0870333296016968,-0.6390153548956872,-0.23994360254769087
0.3358358358358358,-0.0876888416134933,-0.6687249779551854,-0.2603281490187662
0.3377377377377377,-0.0883481128611614,-0.6978839697859313,-0.28047632391689337
0.3396396396396396,-0.0890111434418046,-0.726465002272857,-0.30036914167725415
0.3415415415415415,-0.0896779334515207,-0.7544412065924946,-0.3199878380778447
0.3434434434434434,-0.0903484829854142,-0.7817861976976672,-0.3393138877280052
0.3453453453453453,-0.0910227921376087,-0.8084740984321389,-0.3583290213516587
0.3472472472472472,-0.0917008610012595,-0.8344795632538806,-0.37701524284936533
0.3491491491491491,-0.0923826896685652,-0.8597778015457129,-0.395354846123434
0.351051051051051,-0.0930682782307799,-0.8843446004927488,-0.413330431650478
0.3529529529529529,-0.0937576267782243,-0.9081563475062198,-0.4309249227861992
0.3548548548548549,-0.0944507354002978,-0.9311900521733604,-0.4481215817872458
0.3567567567567568,-0.0951476041854893,-0.953423367713947,-0.46490402553530186
0.3586586586586586,-0.0958482332213884,-0.9748346119239308,-0.4812562409487603
0.3605605605605605,-0.0965526225946961,-0.995402787587141,-0.4971626000677566
0.3624624624624625,-0.0972607723912358,-1.015107602336623,-0.5126078747984972
0.3643643643643643,-0.0979726826959636,-1.0339294879474994,-0.5275772513030899
0.3662662662662662,-0.0986883535929788,-1.051849619043711,-0.5420563440215155
0.3681681681681682,-0.099407785165534,-1.068849931200976,-0.5560312093125986
0.3700700700700701,-0.1001309774960453,-1.084913138429864,-0.5694883587012174
0.3719719719719719,-0.1008579306661017,-1.100022750022332,-0.5824147717193742
0.3738738738738738,-0.1015886447564757,-1.1141630867458527,-0.5947979083290259
0.3757757757757758,-0.1023231198471318,-1.1273192963700962,-0.6066257209149578
0.3776776776776777,-0.1030613560172368,-1.1394773685114052,-0.6178866658363998
0.3795795795795795,-0.1038033533451686,-1.150624148780925,-0.6285697145265434
0.3814814814814814,-0.1045491119085254,-1.1607473522225231,-0.6386643641294047
0.3833833833833834,-0.105298631784135,-1.1698355760275996,-0.6481606476637614
0.3852852852852853,-0.1060519130480631,-1.1778783115144291,-0.6570491437047419
0.3871871871871871,-0.1068089557756223,-1.1848659553601026,-0.6653209855737123
0.3890890890890891,-0.107569760041381,-1.190789820073375,-0.672967870027493
0.390990990990991,-0.1083343259191712,-1.1956421436984277,-0.6799820654387143
0.3928928928928928,-0.1091026534820975,-1.1994160987391147,-0.6863527364204296
0.3947947947947947,-0.1098747428025446,-1.2021058002942289,-0.6920725200433354
0.3966966966966967,-0.1106505939521863,-1.2037063133951122,-0.6971397836640122
0.3985985985985986,-0.1114302070019922,-1.204213659537665,-0.7015491756293208
0.4005005005005004,-0.1122135900508004,-1.203624822394116,-0.7052959491582439
0.4024024024024023,-0.1130007351783942,-1.2019377527054456,-0.7083759672852371
0.4043043043043043,-0.1137916424536812,-1.1991513723609744,-0.7107857072497243
0.4062062062062062,-0.1145863119448962,-1.1952655776457792,-0.7125222643264836
0.4081081081081081,-0.1153847437196087,-1.1902812416457065,-0.7135833550922835
0.41001001001001,-0.1161869378447299,-1.1842002158120657,-0.7139673201257344
0.4119119119119119,-0.1169928943865201,-1.1770253306828538,-0.7136731261374432
0.4138138138138137,-0.1178026134105959,-1.1687603957575778,-0.7127003666720084
0.4157157157157157,-0.1186160949819371,-1.159410198523849,-0.7110492613729796
0.4176176176176176,-0.1194333391648931,-1.1489805026347455,-0.7087206666671674
0.4195195195195195,-0.1202543460231906,-1.1374780452362647,-0.7057160636255633
0.4214214214214213,-0.1210791156199394,-1.1249105334449137,-0.7020375614882621
0.4233233233233233,-0.1219076480176398,-1.1112866399765482,-0.6976878963427344
0.4252252252252252,-0.1227399432781883,-1.0966159979282306,-0.6926704292260523
0.4271271271271271,-0.1235760014628847,-1.0809091947152951,-0.6869891436522678
0.429029029029029,-0.1244158226324379,-1.0641777651665176,-0.6806486425665379
0.4309309309309309,-0.1252594068469725,-1.0464341837816422,-0.6736541447283196
0.4328328328328328,-0.1261067541660349,-1.0276918561555095,-0.6660114805264298
0.4347347347347347,-0.1269578646485991,-1.0079651095739488,-0.6577270872291283
0.4366366366366366,-0.1278127383530732,-0.987269182787456,-0.6488080036729742
0.4385385385385385,-0.1286713753373047,-0.9656202149694644,-0.6392618643948745
0.4404404404404404,-0.1295337756585866,-0.9430352338664006,-0.6290968932120969
0.4423423423423422,-0.1303999393736633,-0.9195321431475248,-0.6183218962554723
0.4442442442442442,-0.1312698665387362,-0.8951297089633686,-0.6069462544616187
0.4461461461461461,-0.1321435572094691,-0.8698475457223803,-0.5949799155305968
0.4480480480480481,-0.1330210114409938,-0.84370610109565,-0.5824333853556936
0.4499499499499499,-0.1339022292879157,-0.8167266402606368,-0.5693177189325795
0.4518518518518518,-0.134787210804319,-0.7889312293954304,-0.5556445107557031
0.4537537537537537,-0.1356759560437722,-0.7603427184355166,-0.5414258847101227
0.4556556556556557,-0.1365684650593332,-0.730984723105934,-0.5266744834674607
0.4575575575575575,-0.1374647379035542,-0.7008816062423449,-0.5114034573950904
0.4594594594594594,-0.1383647746284874,-0.6700584584149882,-0.4956264529882574
0.4613613613613613,-0.1392685752856895,-0.6385410778701551,-0.47935760083515044
0.4632632632632633,-0.1401761399262272,-0.606355949804567,-0.4626115031253559
0.4651651651651651,-0.1410874686006814,-0.5735302249886662,-0.4454032207127092
0.467067067067067,-0.1420025613591527,-0.5400916977552176,-0.4277482597437647
0.468968968968969,-0.1429214182512658,-0.5060687833702067,-0.40966255786363653
0.4708708708708709,-0.1438440393261743,-0.4714904948039444,-0.39116247001139526
0.4727727727727727,-0.1447704246325656,-0.436386418920438,-0.37226475381748736
0.4746746746746746,-0.1457005742186651,-0.4007866921037274,-0.3529865546160682
0.4765765765765766,-0.1466344881322411,-0.3647219753405798,-0.3333453900854445
0.4784784784784784,-0.1475721664206089,-0.3282234287792963,-0.31335913453032427
0.4803803803803804,-0.1485136091306357,-0.2913226857848892,-0.29304600281974674
0.4822822822822822,-0.1494588163087446,-0.2540518265114468,-0.2724245339949622
0.4841841841841842,-0.1504077880009194,-0.2164433510128429,-0.25151357456182843
0.486086086086086,-0.1513605242527079,-0.1785301519135771,-0.2303322614826628
0.487987987987988,-0.1523170251092274,-0.1403454866617645,-0.20890000488264224
0.4898898898898899,-0.1532772906151678,-0.1019229493869044,-0.18723647048621844
0.4917917917917918,-0.1542413208147963,-0.0632964423852486,-0.16536156179930975
0.4936936936936936,-0.1552091157519614,-0.0245001472561845,-0.14329540205313082
0.4955955955955956,-0.1561806754700966,0.0144315042867909,-0.12105831592591575
0.4974974974974975,-0.1571560000122248,0.0534638599063978,-0.09867081105890028
0.4993993993993993,-0.1581350894209617,0.0925620764089623,-0.07615355938317615
0.5013013013013013,-0.1591179437385204,0.1316911497641307,-0.053527378274258755
0.5032032032032032,-0.1601045630067144,0.1708159453520457,-0.030813211551283148
0.5051051051051051,-0.1610949472669621,0.2099012284127944,-0.008032110337990912
0.507007007007007,-0.1620890965602899,0.2489116946726268,0.014794786197222966
0.5089089089089089,-0.1630870109273367,0.2878120011213452,0.03764627020476542
0.5108108108108108,-0.1640886904083564,0.3265667969149737,0.06050108460333281
0.5127127127127127,-0.1650941350432228,0.3651407543777166,0.0833379425977899
0.5146146146146146,-0.166103344871432,0.403498600076874,0.10613554724771562
0.5165165165165165,-0.167116319932107,0.4416051459444383,0.12887261106890124
0.5184184184184184,-0.1681330602640001,0.4794253204189569,0.15152787564992745
0.5203203203203203,-0.1691535659054973,0.5169241995810518,0.1740801312660244
0.5222222222222221,-0.1701778368946208,0.5540670382558491,0.19650714950373604
0.5241241241241241,-0.1712058732690335,0.5908193010557701,0.21878797774545086
0.526026026026026,-0.1722376750660409,0.6271466933369203,0.24090214358773576
0.5279279279279279,-0.1732732423225958,0.6630151920423907,0.26282883277535474
0.5298298298298298,-0.1743125750753005,0.6983910764054851,0.2845473780669704
0.5317317317317317,-0.1753556733604104,0.7332409584865797,0.3060372784500741
0.5336336336336336,-0.1764025372138375,0.7675318135168002,0.3272782182273967
0.5355355355355356,-0.1774531666711529,0.8012310100217706,0.34825008595714246
0.5374374374374374,-0.1785075617675902,0.8343063396993531,0.36893299322980366
0.5393393393393393,-0.1795657225380489,0.8667260470249268,0.3893072932641727
0.5412412412412413,-0.1806276490170969,0.8984588585577608,0.4093535993054004
0.5431431431431432,-0.1816933412389735,0.929474011922876,0.42905280280806984
0.545045045045045,-0.182762799237593,0.959741284442471,0.4483860913875604
0.5469469469469469,-0.1838360230465471,0.9892310213910964,0.4673349665230304
0.5488488488488489,-0.1849130126991077,1.0179141638493563,0.4858812609954964
0.5507507507507508,-0.1859937682282302,1.0457622761311696,0.5040071560450031
0.5526526526526526,-0.1870782896665561,1.072747572759662,0.5216951982307602
0.5545545545545545,-0.1881665770464158,1.0988429449669752,0.5389283159785239
0.5564564564564565,-0.1892586303998314,1.1240219866939392,0.5556898357998724
0.5583583583583583,-0.1903544497585195,1.1482590200659195,0.5719634981681542
0.5602602602602602,-0.1914540351538937,1.1715291203211944,0.587733473036165
0.5621621621621622,-0.1925573866170677,1.1938081401684295,0.6029843749809795
0.5640640640640641,-0.1936645041788575,1.2150727335510985,0.6177012779618196
0.5659659659659659,-0.1947753878697845,1.2353003787964032,0.631869729676903
0.5678678678678678,-0.1958900377200776,1.254469401126477,0.6454757655056358
0.5697697697697698,-0.1970084537596761,1.2725589945109186,0.6585059220230604
0.5716716716716717,-0.1981306360182321,1.2895492428396915,0.6709472500736868
0.5735735735735735,-0.1992565845251132,1.3054211403960865,0.6827873273921882
0.5754754754754755,-0.2003862993094048,1.320156611609351,0.694014270758806
0.5773773773773774,-0.2015197803999127,1.3337385300684463,0.7046167476780325
0.5792792792792792,-0.2026570278251653,1.3461507367778356,0.7145839875691175
0.5811811811811812,-0.2037980416134164,1.3573780576366066,0.723905792457555
0.583083083083083,-0.2049428217926472,1.367406320124485,0.7325725471573288
0.584984984984985,-0.206091368390569,1.376222369176609,0.7405752289338887
0.5868868868868868,-0.2072436814346253,1.3838140822312066,0.7479054166383146
0.5887887887887887,-0.2083997609519941,1.3901703834348818,0.7545552993037064
0.5906906906906907,-0.2095596069695904,1.395281256989412,0.7605176841953316
0.5925925925925926,-0.2107232195140684,1.3991377596267318,0.7657860043063041
0.5944944944944945,-0.2118905986118235,1.4017320321978015,0.7703543252913768
0.5963963963963964,-0.2130617442889947,1.4030573103624058,0.7742173518317274
0.5982982982982983,-0.2142366565714672,1.403107934367969,0.7773704334240893
0.6002002002002002,-0.2154153354848737,1.4018793579052908,0.7798095695883571
0.602102102102102,-0.2165977810545973,1.399368156030815,0.781531414487952
0.604004004004004,-0.2177839933057734,1.395572032145039,0.7825332809580121
0.6059059059059059,-0.2189739722632915,1.390489824018156,0.7828131439369859
0.6078078078078079,-0.2201677179517978,1.384121508853969,0.7823696432975453
0.6097097097097097,-0.221365230395697,1.37646820738447,0.7812020860735474
0.6116116116116115,-0.2225665096191543,1.3675321869885215,0.7793104480800952
0.6135135135135135,-0.2237715556460976,1.357316863827456,0.7766953749243513
0.6154154154154153,-0.2249803685002193,1.3458268039932906,0.7733581824053699
0.6173173173173173,-0.2261929482049784,1.333067723664631,0.7693008563017839
0.6192192192192192,-0.2274092947836025,1.3190464882662638,0.7645260515465631
0.6211211211211211,-0.2286294082590896,1.3037711106300631,0.7590370907887508
0.623023023023023,-0.2298532886542104,1.2872507481544346,0.7528379623427415
0.6249249249249249,-0.2310809359915095,1.2694956989618604,0.7459333175258067
0.6268268268268268,-0.2323123502933081,1.2505173970537249,0.7383284673856602
0.6287287287287286,-0.2335475315817052,1.230328406462731,0.7300293788201329
0.6306306306306305,-0.23478647987858,1.208942414404666,0.7210426700914722
0.6325325325325325,-0.2360291952055934,1.1863742234311518,0.7113756057386376
0.6344344344344344,-0.2372756775841896,1.1626397425869257,0.7010360908911084
0.6363363363363364,-0.2385259270355987,1.1377559775750896,0.6900326649887548
0.6382382382382382,-0.2397799435808375,1.111741019935148,0.6783744949124972
0.6401401401401401,-0.241037727240712,1.0846140352396092,0.6660713675310376
0.642042042042042,-0.2422992780358187,1.0563952503151148,0.6531336816697606
0.6439439439439438,-0.2435645959865467,1.0271059394958348,0.639572439508044
0.6458458458458458,-0.2448336811130791,0.9967684099167924,0.6253992374121571
0.6477477477477477,-0.2461065334353948,0.965405985856479,0.6106262562110818
0.6496496496496496,-0.2473831529732701,0.9330429921383008,0.5952662509233116
0.6515515515515515,-0.2486635397462808,0.8997047366012652,0.5793265252172854
0.6534534534534534,-0.249947693773803,0.8654174916518401,0.5628263442715289
0.6553553553553554,-0.2512356150750158,0.8302084749088151,0.5457811038613122
0.6572572572572573,-0.2525273036689017,0.7941058289544048,0.5282057607953734
0.659159159159159,-0.2538227595742494,0.757138600205581,0.5101157861409304
0.661061061061061,-0.2551219828096546,0.7193367169198676,0.4915271518244601
0.6629629629629629,-0.2564249733935219,0.6807309663515743,0.4724563167540663
0.6648648648648648,-0.2577317313440662,0.641352971074454,0.45292021247548714
0.6667667667667667,-0.2590422566793142,0.60123516448772,0.43293622837385304
0.6686686686686687,-0.2603565494171063,0.5604107655232966,0.41252219643409593
0.6705705705705706,-0.2616746095750975,0.5189137525727749,0.3916963755731156
0.6724724724724724,-0.2629964371707596,0.4767788366532843,0.37047743555718876
0.6743743743743743,-0.2643220322213822,0.4340414338321899,0.348884440518736
0.6762762762762762,-0.2656513947440741,0.3907376369313644,0.32693683208675706
0.6781781781781782,-0.2669845247557654,0.3469041865322692,0.3046544121455545
0.68008008008008,-0.268321422273208,0.3025784413039564,0.2820573252369306
0.6819819819819819,-0.2696620873129778,0.2577983476766405,0.2591660406212476
0.6838838838838839,-0.2710065198914759,0.2126024088840581,0.23600133401306034
0.6857857857857858,-0.2723547200249299,0.1670296533987445,0.21258426900746996
0.6876876876876877,-0.2737066877293952,0.1211196027846005,0.18893617821349207
0.6895895895895895,-0.2750624230207568,0.0749122389920791,0.16507864411116152
0.6914914914914914,-0.2764219259147301,0.0284479711214794,0.1410334796492697
0.6933933933933933,-0.277785196426863,-0.0182323983191315,0.1168227086009997
0.6952952952952952,-0.2791522345725362,-0.0650877076347617,0.09246854569479135
0.6971971971971972,-0.2805230403669655,-0.1120764706156797,0.06799337653821567
0.6990990990990991,-0.2818976138252027,-0.15915691163314,0.043419737352696164
0.7010010010010009,-0.2832759549621369,-0.2062870011304529,0.01877029453714924
0.7029029029029029,-0.2846580637924959,-0.2534244914805065,-0.005932175921130209
0.7048048048048047,-0.2860439403308471,-0.3005269531807349,-0.030664809169971205
0.7067067067067067,-0.2874335845915998,-0.3475518113559279,-0.05540467233159643
0.7086086086086085,-0.2888269965890049,-0.3944563825387873,-0.08012878543892435
0.7105105105105104,-0.2902241763371577,-0.4411979116982403,-0.10481414245013641
0.7124124124124124,-0.291625123849998,-0.4877336094844714,-0.12943773232246136
0.7143143143143142,-0.293029839141312,-0.534020689660055,-0.15397656012626865
0.7162162162162162,-0.2944383222247332,-0.5800164066857836,-0.17840766818032736
0.7181181181181181,-0.2958505731137437,-0.6256780934296684,-0.2027081571891055
0.72002002002002,-0.2972665918216752,-0.6709631989675175,-0.22685520736291795
0.7219219219219218,-0.2986863783617108,-0.7158293264429414,-0.2508260995017946
0.7238238238238237,-0.3001099327468854,-0.7602342709548369,-0.274598236023825
0.7257257257257257,-0.3015372549900874,-0.8041360574398774,-0.2981491619188591
0.7276276276276276,-0.3029683451040593,-0.8474929785177608,-0.32145658560843193
0.7295295295295295,-0.3044032031013996,-0.8902636322665752,-0.3444983996927982
0.7314314314314314,-0.3058418289945633,-0.932406959895591,-0.3672527015661329
0.7333333333333333,-0.3072842227958633,-0.9738822832830968,-0.38969781388095
0.7352352352352353,-0.3087303845174718,-1.0146493423460277,-0.41181230484289677
0.737137137137137,-0.3101803141714203,-1.0546683322094648,-0.43357500831733303
0.739039039039039,-0.3116340117696024,-1.093899940142626,-0.4549650437290317
0.7409409409409409,-0.3130914773237732,-1.1323053822289746,-0.47596183573666934
0.7428428428428427,-0.3145527108455516,-1.1698464397383206,-0.49654513366392483
0.7447447447447447,-0.3160177123464207,-1.206485495167659,-0.5166950306690101
0.7466466466466466,-0.317486481837729,-1.242185567919271,-0.5363919826349708
0.7485485485485486,-0.3189590193306916,-1.2769103495835292,-0.555616826763076
0.7504504504504504,-0.3204353248363912,-1.3106242387944438,-0.5743507998518489
0.7523523523523522,-0.3219153983657788,-1.3432923756267976,-0.5925755562448596
0.7542542542542542,-0.3233992399296755,-1.374880675502364,-0.6102731854301333
0.7561561561561561,-0.3248868495387724,-1.4053558625750675,-0.6274262292748308
0.758058058058058,-0.3263782272036328,-1.4346855025637448,-0.6440176988789102
0.7599599599599599,-0.327873372934692,-1.4628380350018664,-0.6600310910317104
0.7618618618618618,-0.3293722867422594,-1.4897828048743544,-0.6754504042560877
0.7637637637637638,-0.3308749686365189,-1.5154900936110665,-0.690260154424464
0.7656656656656656,-0.3323814186275295,-1.539931149408302,-0.7044453899322012
0.7675675675675675,-0.3338916367252273,-1.563078216848944,-0.7179917064137021
0.7694694694694694,-0.3354056229394256,-1.584904565792582,-0.7308852609869599
0.7713713713713712,-0.3369233772798162,-1.605384519507968,-0.7431127860130002
0.7732732732732732,-0.3384448997559701,-1.6244934820198762,-0.7546616023565774
0.7751751751751751,-0.3399701903773385,-1.6422079646439465,-0.765519632135592
0.7770770770770771,-0.3414992491532543,-1.6585056116824972,-0.7756754109465318
0.7789789789789789,-0.343032076092932,-1.673365225255881,-0.7851175075419372
0.7808808808808808,-0.3445686712054694,-1.6867667892441982,-0.7938280489923528
0.7827827827827828,-0.3461090344998483,-1.6986914923141303,-0.8018055292127785
0.7846846846846846,-0.3476531659849349,-1.7091217500082356,-0.809041072853443
0.7865865865865865,-0.3492010656694819,-1.7180412258721365,-0.8155264713058575
0.7884884884884884,-0.3507527335621276,-1.7254348515978055,-0.821254191513478
0.7903903903903904,-0.3523081696713988,-1.731288846161187,-0.8262173841838171
0.7922922922922923,-0.3538673740057097,-1.7355907339326615,-0.8304098913932549
0.7941941941941941,-0.3554303465733643,-1.7383293617406426,-0.8338262535770194
0.7960960960960961,-0.3569970873825567,-1.7394949148679544,-0.8364617158963206
0.797997997997998,-0.3585675964413713,-1.739078931963283,-0.838312233976099
0.7998998998998998,-0.3601418737577848,-1.7370743188493047,-0.8393744790069653
0.8018018018018017,-0.3617199193396661,-1.733475361210362,-0.8396458422054098
0.8037037037037036,-0.3633017331947778,-1.7282777361439243,-0.839124438627218
0.8056056056056056,-0.3648873153307765,-1.7214785225601552,-0.837809110329174
0.8075075075075074,-0.3664766657552138,-1.7130762104157478,-0.8356994288753163
0.8094094094094094,-0.3680697844755372,-1.7030707087680728,-0.8327956971840041
0.8113113113113113,-0.3696666714990907,-1.6914633526373235,-0.8290989507128912
0.8132132132132132,-0.3712673268331158,-1.678256908665282,-0.8246109579795925
0.815115115115115,-0.3728717504847522,-1.663455579559682,-0.8193342204161876
0.8170170170170169,-0.3744799424610386,-1.647065007314904,-0.8132719715565873
0.8189189189189189,-0.3760919027689134,-1.6290922752000483,-0.8064281755560381
0.8208208208208208,-0.3777076314152155,-1.6095459085071366,-0.7988075250429661
0.8227227227227226,-0.379327128406685,-1.5884358740525792,-0.7904154383038002
0.8246246246246246,-0.3809503937499643,-1.565773578425926,-0.7812580558019236
0.8265265265265265,-0.3825774274515982,-1.5415718649820769,-0.7713422360327711
0.8284284284284285,-0.3842082295180353,-1.515845009572799,-0.7606755507174259
0.8303303303303302,-0.3858427999556283,-1.4886087150153524,-0.7492662793379004
0.8322322322322321,-0.3874811387706353,-1.4598801042967289,-0.7371234030176308
0.8341341341341341,-0.3891232459692195,-1.429677712512656,-0.7242565977514217
0.8360360360360359,-0.3907691215574509,-1.39802147754305,-0.7106762269898964
0.8379379379379379,-0.3924187655413068,-1.3649327294647235,-0.6963933335836698
0.8398398398398398,-0.394072177926672,-1.3304341787046123,-0.6814196310934028
0.8417417417417417,-0.39572935871934,-1.2945499029374847,-0.6657674944722145
0.8436436436436436,-0.3973903079250138,-1.2573053327325976,-0.6494499501277259
0.8455455455455455,-0.3990550255493061,-1.218727235956144,-0.6324806653715296
0.8474474474474474,-0.4007235115977403,-1.1788437009361326,-0.6148739372642814
0.8493493493493492,-0.4023957660757513,-1.137684118397918,-0.5966446808653842
0.8512512512512512,-0.4040717889886859,-1.0952791621798144,-0.5778084168965794
0.8531531531531531,-0.4057515803418035,-1.0516607687392692,-0.5583812588295435
0.855055055055055,-0.407435140140277,-1.006862115461005,-0.5383798994079694
0.856956956956957,-0.4091224683891933,-0.9609175977792735,-0.5178215966150843
0.8588588588588588,-0.410813565093554,-0.913862805128524,-0.4967241590982067
0.8607607607607608,-0.412508430258276,-0.8657344957364413,-0.47510593106245824
0.8626626626626626,-0.4142070638881919,-0.8165705702756246,-0.4529857766461671
0.8645645645645644,-0.4159094659880516,-0.7664100443901979,-0.43038306379093194
0.8664664664664664,-0.4176156365625218,-0.71529302011528,-0.40731764761999817
0.8683683683683683,-0.419325575616187,-0.6632606562083676,-0.3838098533388738
0.8702702702702703,-0.4210392831535506,-0.61035513741207,-0.35988045867272556
0.8721721721721721,-0.4227567591790347,-0.556619642669267,-0.3355506758553488
0.874074074074074,-0.4244780036969817,-0.5020983123124458,-0.3108421331850837
0.875975975975976,-0.4262030167116541,-0.4468362142498907,-0.2857768561634937
0.8778778778778777,-0.4279317982272353,-0.3908793091727491,-0.260377248232878
0.8797797797797797,-0.4296643482478307,-0.3342744148074142,-0.23466607112924942
0.8816816816816816,-0.4314006667774673,-0.2770691692389991,-0.20866642486763146
0.8835835835835835,-0.4331407538200956,-0.2193119933325069,-0.18240172737700303
0.8854854854854854,-0.4348846093795891,-0.1610520522790134,-0.15589569380253523
0.8873873873873873,-0.4366322334597453,-0.1023392162953726,-0.1291723154931252
0.8892892892892893,-0.4383836260642865,-0.0432240205064942,-0.10225583869243282
0.8911911911911912,-0.4401387871968599,0.0162423759596189,-0.07517074295212485
0.893093093093093,-0.4418977168610387,0.0760082316332816,-0.04794171928613696
0.8949949949949949,-0.4436604150603222,0.1360212650892973,-0.020593648085130638
0.8968968968968968,-0.4454268817981368,0.1962286980254305,0.006848423189412332
0.8987987987987988,-0.4471971170778363,0.2565772989999269,0.03435930251187044
0.9007007007007006,-0.4489711209027023,0.3170134277942288,0.06191367598002181
0.9026026026026026,-0.4507488932759452,0.3774830803661686,0.08948613066339148
0.9045045045045044,-0.4525304342007045,0.4379319343582971,0.11705117759217319
0.9064064064064064,-0.4543157436800492,0.4983053951254501,0.1445832748662142
0.9083083083083084,-0.4561048217169789,0.5585486422447432,0.17205657948499703
0.91021021021021,-0.4578976683144235,0.6186066764710191,0.19944467383304082
0.912112112112112,-0.4596942834752447,0.6784243670997733,0.2267225087945664
0.914014014014014,-0.4614946672022357,0.7379464996991113,0.25386456636600585
0.9159159159159158,-0.463298819498122,0.7971178241723124,0.280845393313818
0.9178178178178178,-0.4651067403655625,0.8558831031110099,0.3076396245650595
0.9197197197197196,-0.4669184298071489,0.9141871603997253,0.33422200657047957
0.9216216216216216,-0.4687338878254074,0.9719749300312336,0.3605674206190139
0.9235235235235236,-0.4705531144227982,1.029191505092086,0.3866509060826205
0.9254254254254252,-0.4723761096017168,1.0857821868777036,0.41244768357029493
0.9273273273273273,-0.4742028733644943,1.1416925340948838,0.43793317797025183
0.9292292292292292,-0.4760334057133973,1.1968684121108877,0.46308304135925693
0.9311311311311312,-0.4778677066506296,1.251256042206932,0.4878731757582013
0.933033033033033,-0.4797057761783314,1.3048020507937366,0.5122797557130792
0.9349349349349348,-0.4815476142985808,1.3574535185472272,0.5362792506805657
0.9368368368368368,-0.4833932210133937,1.4091580294211905,0.5598484471977129
0.9387387387387388,-0.4852425963247246,1.459863719495065,0.5829644708153325
0.9406406406406406,-0.487095740234467,1.5095193256136974,0.6056048077746639
0.9425425425425424,-0.4889526527444539,1.5580742337761535,0.627747326407378
0.9444444444444444,-0.490813333856458,1.605478527231084,0.6493702982388703
0.9463463463463464,-0.492677783572193,1.6516830342355362,0.6704524187753679
0.9482482482482482,-0.494546001893313,1.696639375434824,0.6909728279553388
0.95015015015015,-0.4964179888214137,1.7403000108203914,0.7109111302459538
0.952052052052052,-0.4982937443580326,1.7826182862232394,0.7302474143658537
0.953953953953954,-0.5001732685046497,1.823548479300732,0.7489622726155453
0.9558558558558558,-0.5020565612626876,1.863045844974096,0.7670368197971977
0.9577577577577576,-0.5039436226335123,1.901066660275004,0.7844527117057744
0.9596596596596596,-0.5058344526184336,1.937568268559258,0.8011921631740019
0.9615615615615616,-0.5077290512187053,1.9725091230465064,0.8172379656538821
0.9634634634634636,-0.5096274184355261,2.0058488296444024,0.8325735043177973
0.9653653653653652,-0.5115295542700393,2.0375481890167197,0.8471827746628033
0.9672672672672672,-0.5134354587233345,2.067569237855436,0.8610503986020187
0.9691691691691692,-0.5153451317964468,2.0958752893159,0.8741616400274274
0.971071071071071,-0.5172585734903578,2.122430972576902,0.8865024198288644
0.9729729729729728,-0.519175783805996,2.1472022714861163,0.8980593303544911
0.9748748748748748,-0.5210967627442376,2.1701565622523518,0.9088196492983369
0.9767767767767768,-0.5230215103059059,2.1912626501475096,0.9187713530011264
0.9786786786786786,-0.5249500264917732,2.2104908051803167,0.9279031291511587
0.9805805805805804,-0.5268823113025598,2.227812796706346,0.936204388872293
0.9824824824824824,-0.5288183647389355,2.2432019269375614,0.9436652781867679
0.9843843843843844,-0.5307581868015193,2.2566330633168192,0.9502766888410402
0.9862862862862862,-0.5327017774908803,2.26808266972314,0.9560302684835305
0.988188188188188,-0.5346491368075381,2.277528836473662,0.9609184301834724
0.99009009009009,-0.5366002647519629,2.2849513090901272,0.964934361280762
0.991991991991992,-0.5385551613245763,2.290331515797625,0.9680720315573339
0.9938938938938938,-0.5405138265257512,2.29365259372504,0.9703262007210182
0.9957957957957956,-0.5424762603558131,2.2948994137770766,0.9716924251935698
0.9976976976976976,-0.5444424628150396,2.294058604147966,0.972167064195004
0.9995995995995997,-0.5464124339036611,2.291118572450066,0.9717472851172395
1.0015015015015016,-0.5483861736218619,2.2860695264289523,0.9704310681804424
1.0034034034034034,-0.5503636819697791,2.2789034932398886,0.9682172103660246
1.0053053053053052,-0.5523449589475048,2.269614337260544,0.9651053286212603
1.0072072072072071,-0.5543300045550855,2.258197776414461,0.9610958623305715
1.0091091091091091,-0.5563188187925223,2.244651396984604,0.9561900750497658
1.011011011011011,-0.5583114016597718,2.228974666894351,0.9503900554998835
1.0129129129129129,-0.5603077531567461,2.211168947435504,0.943698717817506
1.0148148148148148,-0.5623078732833143,2.191237503423467,0.9361198010599132
1.0167167167167168,-0.5643117620393013,2.169185511761651,0.9276578679636311
1.0186186186186186,-0.566319419424489,2.145020068399717,0.9183183029557014
1.0205205205205206,-0.5683308454386174,2.1187501936674877,0.9081073094172931
1.0224224224224223,-0.5703460400813832,2.090386835972033,0.8970319062003997
1.0243243243243243,-0.5723650033524424,2.059942873844377,0.8850999233993331
1.0262262262262265,-0.5743877352514088,2.0274331163233743,0.8723199973782112
1.028128128128128,-0.5764142357778551,1.9928743016681816,0.8587015650576091
1.03003003003003,-0.578444504931314,1.956285094387944,0.8442548574634353
1.031931931931932,-0.5804785427112775,1.917686080582395,0.8289908925417933
1.033833833833834,-0.5825163491171977,1.8770997615870737,0.8129214672450179
1.0357357357357355,-0.5845579241484873,1.834550545918008,0.7960591488934138
1.0376376376376375,-0.58660326780452,1.790064739512128,0.7784130754944223
1.0395395395395397,-0.5886523800846312,1.7436705342610737,0.7599971371855258
1.0414414414414417,-0.5907052609881173,1.6953979948387123,0.7408309053939238
1.0433433433433434,-0.5927619105142372,1.6452790438224627,0.7209299521329244
1.0452452452452452,-0.594822328662212,1.593347445110956,0.7003105653334587
1.0471471471471472,-0.5968865154312262,1.539638785641023,0.6789897359729384
1.0490490490490492,-0.598954470820427,1.4841904554096983,0.6569851445358694
1.050950950950951,-0.6010261948289253,1.4270416258084644,0.6343151468168332
1.052852852852853,-0.6031016874557967,1.3682332262762442,0.6109987590765168
1.0547547547547549,-0.6051809487000803,1.3078079192820775,0.5870556425628104
1.0566566566566566,-0.607263978560781,1.2458100736476885,0.5625060874091748
1.0585585585585584,-0.6093507770368677,1.1822857362229673,0.5373709959228138
1.0604604604604606,-0.6114413441272764,1.1172826019275857,0.5116718652763339
1.0623623623623624,-0.613535679830907,1.0508499821751025,0.4854307696167013
1.0642642642642643,-0.6156337841466278,0.983038771695781,0.45867034160613435
1.066166166166166,-0.6177356570732726,0.9139014137764124,0.43141375340974514
1.068068068068068,-0.6198412986096429,0.8434918639375923,0.4036846971458459
1.06996996996997,-0.6219507087545079,0.7718655520685217,0.3755073648147185
1.0718718718718718,-0.6240638875066034,0.6990793430435657,0.34690642772259167
1.0737737737737738,-0.6261808348646352,0.6251914958433441,0.31790701541795224
1.0756756756756756,-0.6283015508272765,0.5502616212064881,0.2885346941575603
1.0775775775775776,-0.6304260353931705,0.4743506378387739,0.2588154449205149
1.0794794794794795,-0.6325542885609293,0.3975207272081356,0.22877564098854233
1.0813813813813813,-0.6346863103291346,0.3198352869551773,0.1984420251116209
1.0832832832832833,-0.6368221006963392,0.241358882950036,0.16784168627811596
1.085185185185185,-0.6389616596610656,0.1621572000283142,0.13700203610929412
1.087087087087087,-0.6411049872218081,0.0822969914394832,0.10595078489823426
1.088988988988989,-0.643252083377032,0.0018460270430608,0.0747159173136068
1.090890890890891,-0.6454029481251743,-0.0791269597113865,0.04332566778923995
1.0927927927927927,-0.6475575814646443,-0.1605523259826754,0.011808495620507994
1.0946946946946947,-0.6497159833938243,-0.2423595748762006,-0.01980694021088856
1.0965965965965965,-0.651878153911069,-0.3244774118816882,-0.051491806462018286
1.0984984984984985,-0.6540440930147071,-0.4068338023696072,-0.08321712128167938
1.1004004004004004,-0.6562138007030407,-0.4893560301034708,-0.11495378006879722
1.1023023023023024,-0.6583872769743461,-0.5719707567248674,-0.1466725815138653
1.1042042042042042,-0.660564521826874,-0.6546040821665915,-0.17834425380055788
1.106106106106106,-0.6627455352588508,-0.7371816059480502,-0.20993948094458853
1.108008008008008,-0.6649303172684785,-0.8196284893058593,-0.2414289292465978
1.10990990990991,-0.6671188678539334,-0.9018695181127988,-0.27278327383591083
1.111811811811812,-0.6693111870133697,-0.9838291665359856,-0.30397322528150783
1.1137137137137136,-0.6715072747449172,-1.0654316613839692,-0.33496955624671776
1.1156156156156158,-0.6737071310466841,-1.1466010470930732,-0.36574312816411225
1.1175175175175176,-0.6759107559167542,-1.227261251301108,-0.39626491790654345
1.1194194194194196,-0.6781181493531909,-1.3073361509565888,-0.42650604443073903
1.1213213213213211,-0.680329311354035,-1.3867496389093965,-0.45643779536946616
1.123223223223223,-0.6825442419173066,-1.4654256909305632,-0.48603165354860384
1.1251251251251253,-0.6847629410410053,-1.5432884331045535,-0.5152593234048539
1.127027027027027,-0.6869854087231091,-1.6202622095411028,-0.5440927572807319
1.128928928928929,-0.6892116449615776,-1.696271650349516,-0.5725041815725921
1.1308308308308308,-0.6914416497543497,-1.7712417398184173,-0.6004661227082095
1.1327327327327328,-0.6936754230993465,-1.845097884745302,-0.6279514329303696
1.1346346346346348,-0.6959129649944694,-1.917765982856906,-0.6549333158624959
1.1365365365365363,-0.6981542754376021,-1.989172491264253,-0.6813853518334072
1.1384384384384385,-0.7003993544266112,-2.059244494891866,-0.7072815229374946
1.1403403403403405,-0.7026482019593451,-2.1279097748238347,-0.7325962378076751
1.1422422422422422,-0.7049008180336366,-2.195096876507164,-0.7573043560778596
1.1441441441441442,-0.7071572026473013,-2.260735177752605,-0.7813812125123427
1.1460460460460462,-0.7094173557981395,-2.324754956474362,-0.8048026407798201
1.147947947947948,-0.7116812774839356,-2.387087458108246,-0.8275449968495826
1.14984984984985,-0.7139489677024604,-2.447664962647825,-0.8495851819881922
1.1517517517517517,-0.7162204264514691,-2.5064208512394988,-0.8709006653349194
1.1536536536536537,-0.7184956537287042,-2.563289672276205,-0.891469506034507
1.1555555555555557,-0.7207746495318939,-2.6182072069287274,-0.911270374906364
1.1574574574574574,-0.7230574138587537,-2.671110534056985,-0.9302825756297322
1.1593593593593594,-0.7253439467069877,-2.7219380944384803,-0.9484860654240659
1.1612612612612612,-0.727634248074287,-2.7706297542565106,-0.9658614752054917
1.1631631631631634,-0.7299283179583329,-2.8171268677870294,-0.9823901291990663
1.1650650650650651,-0.732226156356794,-2.8613723392265333,-0.9980540639884297
1.1669669669669671,-0.7345277632673306,-2.90331068360138,-1.0128291114797858
1.1688688688688689,-0.7368331386875919,-2.942888086698724,-1.0267021529105675
1.1707707707707706,-0.7391422826152191,-2.980052463964137,-1.0396607357074854
1.1726726726726728,-0.7414551950478449,-3.014753518303455,-1.051689951933841
1.1745745745745746,-0.7437718759830925,-3.046942796737366,-1.0627756927798364
1.1764764764764766,-0.7460923254185795,-3.076573745848625,-1.07290466382111
1.1783783783783783,-0.7484165433519155,-3.103601765965929,-1.0820643995943102
1.1802802802802803,-0.7507445297807049,-3.1279842640312507,-1.090243277473925
1.1821821821821823,-0.7530762847025457,-3.1496807050937834,-1.0974305308358216
1.184084084084084,-0.7554118081150307,-3.168652662379844,-1.1036162614943739
1.185985985985986,-0.7577511000157495,-3.184863865882214,-1.1087914513992125
1.1878878878878878,-0.7600941604022865,-3.1982802494197013,-1.1129479735798196
1.1897897897897898,-0.7624409892722243,-3.208869996114741,-1.1160786023251579
1.1916916916916918,-0.764791586623142,-3.216603582238305,-1.1181770225875827
1.1935935935935935,-0.7671459524526173,-3.221453819374913,-1.1192378386002078
1.1954954954954955,-0.7695040867582266,-3.223395894858357,-1.1192565816975686
1.1973973973973977,-0.7718659895375465,-3.2224074104307903,-1.118229717330559
1.1992992992992992,-0.7742316607881526,-3.2184684190809603,-1.1161546512667475
1.2012012012012012,-0.776601100507623,-3.211561460016163,-1.1130297349680465
1.2031031031031032,-0.778974308693536,-3.201671591724153,-1.108854270138688
1.205005005005005,-0.7813512853434728,-3.188786423085592,-1.1036285124369132
1.206906906906907,-0.7837320304550183,-3.172896142492743,-1.0973536743443497
1.2088088088088087,-0.7861165440257601,-3.1539935449383685,-1.0900319271884056
1.210710710710711,-0.7885048260532921,-3.132074057034945,-1.0816664023126754
1.2126126126126129,-0.7908968765352112,-3.1071357599297342,-1.0722611913922733
1.2145145145145146,-0.7932926954691231,-3.07917941008018,-1.0618213458909151
1.2164164164164164,-0.7956922828526385,-3.048208457855222,-1.0503528756577478
1.2183183183183182,-0.7980956386833772,-3.01422906393385,-1.03786274666249
1.2202202202202204,-0.8005027629589678,-2.9772501134666656,-1.0243588778679966
1.222122122122122,-0.8029136556770469,-2.937283227977122,-1.0098501372408029
1.224024024024024,-0.8053283168352633,-2.894342774972753,-0.9943463369000793
1.225925925925926,-0.8077467464312758,-2.8484458752414707,-0.9778582274071124
1.2278278278278278,-0.8101689444627564,-2.7996124078114946,-0.9603974911972883
1.2297297297297298,-0.8125949109273898,-2.7478650125519275,-0.9419767351577903
1.2316316316316316,-0.8150246458228744,-2.693229090397064,-0.9226094823551729
1.2335335335335336,-0.8174581491469245,-2.635732801173702,-0.9023101629172634
1.235435435435435,-0.8198954208972695,-2.5754070590184472,-0.8810941040749858
1.2373373373373375,-0.8223364610716573,-2.512285525369468,-0.8589775193700605
1.2392392392392393,-0.8247812696678515,-2.446404599522594,-0.8359774970357217
1.2411411411411413,-0.8272298466836372,-2.377803406741016,-0.8121119875581317
1.243043043043043,-0.8296821921168179,-2.3065237839103605,-0.7873997904268694
1.244944944944945,-0.8321383059652199,-2.232610262734456,-0.7618605400836282
1.246846846846847,-0.8345981882266906,-2.1561100504668627,-0.7355146910789998
1.2487487487487487,-0.8370618388991012,-2.077073008178404,-0.7083835024481221
1.2506506506506507,-0.8395292579803484,-1.9955516265584536,-0.6804890213164296
1.2525525525525525,-0.8420004454683533,-1.9116009992546708,-0.6518540657475559
1.2544544544544545,-0.8444754013610656,-1.825278793754615,-0.6225022068461441
1.2563563563563565,-0.8469541256564622,-1.736645219816145,-0.5924577501290265
1.2582582582582584,-0.8494366183525501,-1.6457629954557522,-0.5617457161789351
1.2601601601601602,-0.8519228794473667,-1.552697310505694,-0.5303918205955258
1.2620620620620622,-0.8544129089389823,-1.4575157877521725,-0.49842245325920836
1.263963963963964,-0.8569067068254999,-1.3602884416710757,-0.4658646569238113
1.265865865865866,-0.8594042731050583,-1.2610876347777278,-0.4327461051549249
1.267767767767768,-0.861905607775832,-1.1599880316103173,-0.39909507963131496
1.2696696696696697,-0.8644107108360332,-1.0570665503693888,-0.3649404468273142
1.2715715715715716,-0.866919582283914,-0.9524023122359224,-0.3303116340949308
1.2734734734734734,-0.8694322221177665,-0.8460765883951373,-0.29523860516465694
1.2753753753753756,-0.8719486303359263,-0.7381727447932102,-0.25975183508492167
1.2772772772772774,-0.874468806936771,-0.6287761846579262,-0.22388228462031082
1.2791791791791791,-0.8769927519187255,-0.5179742888151105,-0.18766137412956999
1.281081081081081,-0.8795204652802614,-0.4058563538350064,-0.15112095694463326
1.2829829829829829,-0.8820519470198985,-0.2925135280460185,-0.11429329227249727
1.284884884884885,-0.8845871971362088,-0.1780387454534811,-0.07721101764249748
1.2867867867867868,-0.8871262156278144,-0.0625266576049639,-0.039907120921562324
1.2886886886886888,-0.8896690024933936,0.0539264365559144,-0.002414911920908846
1.2905905905905906,-0.8922155577316798,0.1712226628017097,0.03523200638224597
1.2924924924924923,-0.8947658813414652,0.2892626456532649,0.07299976698377832
1.2943943943943943,-0.8973199733216011,0.407945584282355,0.11085426832803337
1.2962962962962965,-0.899877833671001,0.5271693302348527,0.148760998669844
1.2981981981981985,-0.9024394623886433,0.6468304669212035,0.18668495183462794
1.3001001001001,-0.905004859473571,0.766824390819865,0.2245914846737273
1.302002002002002,-0.907574024924897,0.887045394337639,0.2624458581683823
1.303903903903904,-0.9101469587418036,1.0073867502679146,0.30021325161986
1.305805805805806,-0.9127236609235464,1.1277407977877336,0.33785879361105176
1.3077077077077075,-0.9153041314694556,1.24799902993121,0.3753475931218883
1.3096096096096097,-0.9178883703789394,1.3680521824762009,0.4126447707715887
1.3115115115115117,-0.920476377651486,1.4877903241782249,0.4497154901605573
1.3134134134134134,-0.9230681532866656,1.6071029482857695,0.4865249892847125
1.3153153153153154,-0.9256636972841332,1.7258790652681628,0.5230386119948977
1.3172172172172172,-0.928263009643632,1.8440072966859964,0.5592218394738113
1.3191191191191192,-0.9308660903649952,1.9613759701321385,0.595040321702649
1.321021021021021,-0.9334729394481488,2.077873215170954,0.630459908889818
1.3229229229229231,-0.936083556893116,2.193387060200841,0.6654466828339025
1.3248248248248249,-0.9386979427000162,2.30780553016461,0.6999669881930125
1.3267267267267266,-0.9413160968690728,2.421016745031751,0.733987463632918
1.3286286286286286,-0.943938019400614,2.532909018970535,0.7674750728257496
1.3305305305305304,-0.9465637102950744,2.643370960135269,0.800397135271582
1.3324324324324326,-0.9491931695530018,2.752291570984182,0.8327213569154285
1.3343343343343343,-0.951826397175056,2.859560349048386,0.8644158605316667
1.3362362362362363,-0.9544633931620172,2.965067388068678,0.8954492158487166
1.338138138138138,-0.9571041575147848,3.0687034794150088,0.9257904693862036
1.34004004004004,-0.959748690234385,3.1703602137060685,0.9554091739775735
1.341941941941942,-0.9623969913219712,3.26993008254124,0.9842754179510087
1.3438438438438438,-0.9650490607788288,3.367306580261733,1.012359853942007
1.3457457457457458,-0.9677048986063812,3.4623843056501924,1.0396337273108027
1.3476476476476476,-0.9703645048061896,3.555059063483968,1.0660689041382647
1.3495495495495498,-0.9730278793799618,3.645227965851897,1.091637898774216
1.3514514514514515,-0.9756950223295509,3.732789533147765,1.116313900912459
1.3533533533533535,-0.9783659336569652,3.817643794650318,1.1400708021671708
1.3552552552552553,-0.981040613364368,3.899692388599056,1.1628832221251275
1.357157157157157,-0.9837190614540856,3.9788386616793576,1.1847265338495598
1.3590590590590592,-0.9864012779286104,4.054987767821423,1.205576888810644
1.360960960960961,-0.9890872627906032,4.128046766229473,1.2254112412192824
1.362862862862863,-0.9917770160429032,4.197924718546855,1.2442073717407265
1.3647647647647647,-0.9944705376885288,4.264532785066195,1.2619439105643429
1.3666666666666667,-0.9971678277306846,4.327784319897479,1.2786003598075721
1.368568568568569,-0.999868886172766,4.38759496500073,1.2941571152316613
1.3704704704704709,-1.0025737130183654,4.4438827429966805,1.3085954872479566
1.3723723723723724,-1.005282308271276,4.496568148664004,1.32189772119367
1.3742742742742742,-1.0079946719355,4.545574239034448,1.3340470168566325
1.3761761761761762,-1.0107108040152528,4.5908267219959145,1.3450275472289146
1.378078078078078,-1.013430704514969,4.632254043317628,1.3548244764704482
1.37997997997998,-1.0161543734393093,4.669787472009311,1.3634239770641112
1.381881881881882,-1.0188818107931656,4.703361183927126,1.370813246144108
1.383783783783784,-1.02161301658167,4.732912343539099,1.3769805209800192
1.3856856856856856,-1.0243479908101984,4.758381183767273,1.38191509360029
1.3875875875875876,-1.0270867334843798,4.77971108382096,1.3856073245390539
1.3894894894894896,-1.029829244610102,4.796848644937057,1.3880486556907454
1.3913913913913911,-1.032575524193519,4.809743763948664,1.389231622258677
1.393293293293293,-1.0353255722410597,4.81834970459616,1.3891498637828537
1.395195195195195,-1.0380793887594335,4.822623166504846,1.3877981342345678
1.3970970970970973,-1.0408369737556404,4.822524351748164,1.3851723111650878
1.398998998998999,-1.0435983272369764,4.818017028921749,1.3812694038973325
1.400900900900901,-1.046363449211045,4.8090685946517375,1.3760875607496676
1.4028028028028028,-1.0491323396857624,4.795650132461332,1.3696260752813447
1.4047047047047043,-1.0519049986693696,4.777736468927796,1.3618853915515112
1.4066066066066067,-1.0546814261704396,4.755306227052231,1.3528671083819344
1.4085085085085085,-1.0574616221978848,4.7283418767813465,1.3425739826177856
1.4104104104104105,-1.0602455867609712,4.696829782608625,1.33100993137873
1.4123123123123122,-1.0630333198693236,4.660760248190077,1.3181800332944653
1.4142142142142142,-1.065824821532939,4.620127557913506,1.304090528720345
1.4161161161161162,-1.0686200917621944,4.57493001535773,1.288748818928501
1.4180180180180182,-1.071419130567859,4.525169978585072,1.2721634642718052
1.41991991991992,-1.0742219379611049,4.470853892208837,1.2543441813180702
1.4218218218218217,-1.0770285139535174,4.411992316181067,1.2353018389529926
1.4237237237237237,-1.079838858557108,4.348599951247562,1.2150474272524192
1.4256256256256257,-1.0826529717843254,4.280695661022111,1.193584238723773
1.4275275275275277,-1.0854708536480668,4.2083024906314295,1.1709378332581573
1.4294294294294294,-1.0882925041616922,4.131447681886252,1.1471236623551226
1.4313313313313314,-1.091117923339037,4.050162684934139,1.1221582943021324
1.4332332332332332,-1.0939471111944226,3.9644831663569096,1.096059404060355
1.4351351351351351,-1.0967800677426751,3.874449013674081,1.0688457621348362
1.4370370370370371,-1.0996167929991345,3.780104336217012,1.0405372224345786
1.4389389389389389,-1.1024572869796705,3.681497462345384,1.0111547091300535
1.4408408408408409,-1.1053015497006995,3.5786809329726856,0.9807202025145367
1.4427427427427426,-1.1081495811791964,3.471711491378213,0.9492567238786551
1.4446446446446448,-1.1110013814327138,3.3606500692803425,0.9167883194068569
1.4465465465465466,-1.1138569504793936,3.245561769152948,0.8833400431065528
1.4484484484484486,-1.1167162883379886,3.126515842766671,0.8489379387806368
1.4503503503503503,-1.1195793950278756,3.0035856659402587,0.8136090210552267
1.452252252252252,-1.1224462705690754,2.876848709493612,0.7773812554759657
1.4541541541541545,-1.12531691498227,2.7463865063906403,0.7402835376856649
1.456056056056056,-1.128191328288819,2.6122846150721664,0.7023456716988653
1.457957957957958,-1.131069510510783,2.4746325789737686,0.6635983472878108
1.4598598598598598,-1.1339514616709392,2.333523882231277,0.6240731164962049
1.4617617617617618,-1.136837181792804,2.189055901579281,0.5838023692978719
1.4636636636636635,-1.1397266709006524,2.041329854450474,0.5428193084178767
1.4655655655655655,-1.14261992901954,1.890450743287518,0.5011579233348247
1.4674674674674677,-1.1455169561753242,1.736527296082755,0.4588529634836246
1.4693693693693692,-1.1484177523946884,1.5796719031628332,0.41593991067867586
1.4712712712712714,-1.151322317705164,1.420000550239655,0.3724549507783015
1.4731731731731732,-1.1542306521351522,1.2576327477545164,0.3284349446123546
1.4750750750750752,-1.157142755713954,1.0926914565412134,0.28391739819483186
1.476976976976977,-1.1600586284717898,0.9253030098408432,0.23894043224466294
1.478878878878879,-1.1629782704398293,0.755597031702907,0.1935427510383861
1.480780780780781,-1.165901681650216,0.5837063518109858,0.14776361061893176
1.4826826826826829,-1.1688288621360954,0.4097669167750107,0.10164278638560575
1.4845845845845846,-1.1717598119316446,0.2339176979342359,0.05522054009071017
1.4864864864864864,-1.1746945310720989,0.0563005957202404,0.00853758626923801
1.4883883883883884,-1.1776330195937843,-0.122939659369278,-0.03836494187180036
1.4902902902902904,-1.1805752775341471,-0.3036556091301554,-0.08544552707684856
1.4921921921921923,-1.1835213049317854,-0.485697173287097,-0.1326623031502766
1.494094094094094,-1.186471101826482,-0.6689117583429726,-0.17997309052142024
1.495995995995996,-1.1894246682592395,-0.8531443695771699,-0.22733543223710484
1.4978978978978978,-1.1923820042723126,-1.0382377261247369,-0.274706630352411
1.4997997997997998,-1.1953431099092455,-1.224032379065648,-0.3220437826896777
1.5017017017017018,-1.1983079852149074,-1.410366832448576,-0.36930381993546185
1.5036036036036036,-1.2012766302355309,-1.597077667173273,-0.4164435430448413
1.5055055055055055,-1.204249045018751,-1.7839996676489291,-0.4634196609216839
1.5074074074074073,-1.2072252296136443,-1.9709659511460087,-0.5101888283436813
1.5093093093093095,-1.2102051840707715,-2.1578080997539733,-0.5567076841001796
1.5112112112112113,-1.2131889084422178,-2.344356294855672,-0.6029328893108887
1.5131131131131133,-1.2161764027816384,-2.5304394540258026,-0.6488211658927951
1.515015015015015,-1.219167667144302,-2.715885370256241,-0.6943293351428865
1.5169169169169168,-1.222162701587138,-2.900520853412598,-0.7394143564035836
1.518818818818819,-1.2251615061687853,-3.084171873816606,-0.7840333657778593
1.5207207207207207,-1.228164080949636,-3.266663707855212,-0.8281437148611358
1.5226226226226227,-1.2311704259918934,-3.4478210855070786,-0.8717030094559509
1.5245245245245245,-1.2341805413596172,-3.627468339676345,-0.9146691482362471
1.5264264264264265,-1.2371944271187816,-3.805429557224703,-0.9570003613274958
1.5283283283283284,-1.2402120833373276,-3.981528731584548,-0.998655248769184
1.5302302302302302,-1.2432335100852208,-4.1555899168408414,-1.0395928188258095
1.5321321321321322,-1.24625870743451,-4.327437383158031,-1.0797725261124316
1.534034034034034,-1.2492876754593858,-4.496895773434204,-1.1191543095015188
1.535935935935936,-1.252320414236245,-4.663790261058936,-1.1576986297769867
1.537837837837838,-1.2553569238437516,-4.827946708647495,-1.195366507002127
1.53973973973974,-1.258397204362904,-4.989191827627315,-1.232119557567996
1.5416416416416416,-1.261441255877101,-5.14735333854619,-1.2679200308886367
1.5435435435435436,-1.2644890784722156,-5.302260131969856,-1.3027308457100408
1.5454454454454454,-1.26754067223666,-5.4537424298384245,-1.3365156260001059
1.5473473473473474,-1.2705960372614653,-5.60163194714755,-1.3692387363863565
1.5492492492492491,-1.273655173640354,-5.7457620538155565,-1.4008653171095402
1.551151151151151,-1.2767180814698196,-5.885967936605676,-1.4313613184602967
1.553053053053053,-1.2797847608492077,-6.02208676095733,-1.4606899662458472
1.5549549549549548,-1.2828552118807972,-6.153957832592891,-1.4888133379277741
1.556856856856857,-1.2859294346698886,-6.281422758755219,-1.5157086635220929
1.5587587587587588,-1.2890074293248883,-6.404325608937164,-1.5413454986226311
1.5606606606606606,-1.2920891959574037,-6.522513074961645,-1.565694373199458
1.5625625625625623,-1.295174734682333,-6.635834630260784,-1.588726822232545
1.5644644644644643,-1.2982640456179635,-6.744142688221758,-1.610415415611568
1.5663663663663665,-1.301357128886071,-6.847292759445268,-1.630733787273022
1.5682682682682685,-1.3044539846120191,-6.945143607777556,-1.6496566635464047
1.5701701701701702,-1.30755461292487,-7.037557404969324,-1.667159890681026
1.572072072072072,-1.3106590139574856,-7.124399883812621,-1.6832204615265385
1.573973973973974,-1.313767187846647,-7.205540489615535,-1.697816541340321
1.575875875875876,-1.3168791347331634,-7.280852529864022,-1.7109274926959288
1.5777777777777775,-1.3199948547619935,-7.350213321932377,-1.7225338994667545
1.5796796796796797,-1.323114348082369,-7.413504338689026,-1.7326175898602598
1.5815815815815817,-1.3262376148479167,-7.470611351859157,-1.7411616584789082
1.5834834834834834,-1.3293646552167924,-7.521424572998594,-1.748150487384146
1.5853853853853854,-1.3324954693518114,-7.565838791933041,-1.7535697661411604
1.5872872872872874,-1.335630057420588,-7.603753512524507,-1.7574065108225443
1.5891891891891892,-1.3387684195956766,-7.635073085621178,-1.7596490819494814
1.5910910910910911,-1.3419105560547198,-7.659706839047892,-1.7602872013504474
1.5929929929929931,-1.3450564669805962,-7.6775692044997506,-1.759311967918252
1.5948948948948949,-1.348206152561578,-7.688579841204285,-1.7567158722465732
1.5967967967967969,-1.3513596129914915,-7.692663756208224,-1.7524928101282806
1.5986986986986986,-1.3545168484698795,-7.689751421159331,-1.7466380948989075
1.6006006006006006,-1.3576778592021748,-7.679778885448136,-1.7391484686092462
1.6025025025025026,-1.3608426453998723,-7.662687885576315,-1.730022112012233
1.6044044044044046,-1.364011207280713,-7.638425950625433,-1.7192586533501126
1.6063063063063063,-1.367183545068866,-7.606946503696472,-1.7068591759285288
1.608208208208208,-1.3703596589951248,-7.56820895919466,-1.6928262244654944
1.61011011011011,-1.373539549297104,-7.522178815834389,-1.677163810204246
1.612012012012012,-1.3767232162194407,-7.4688277452482845,-1.6598774147799638
1.613913913913914,-1.379910660014008,-7.408133676079606,-1.640973992830939
1.6158158158158158,-1.38310188094013,-7.340080873443387,-1.6204619733461727
1.6177177177177178,-1.3862968792648067,-7.264660013641294,-1.5983512597421727
1.6196196196196195,-1.389495655262942,-7.1818682540241205,-1.5746532286632038
1.6215215215215215,-1.392698209217585,-7.091709297892044,-1.549380727499947
1.6234234234234235,-1.3959045414201696,-6.994193454332428,-1.5225480706223538
1.6253253253253253,-1.3991146521707725,-6.889337692895244,-1.4941710343242032
1.6272272272272272,-1.4023285417783704,-6.777165693001977,-1.464266850476971
1.629129129129129,-1.4055462105611078,-6.657707888006423,-1.4328541988931696
1.6310310310310312,-1.4087676588465772,-6.531001503807496,-1.3999531983987978
1.632932932932933,-1.411992886972099,-6.397090591935881,-1.3655853966167157
1.634834834834835,-1.415221895285022,-6.256026057028274,-1.3297737584633555
1.6367367367367367,-1.4184546841430217,-6.107865678611048,-1.292542653362315
1.638638638638639,-1.4216912539144166,-5.952674127122201,-1.2539178375166107
1.6405405405405409,-1.4249316049784886,-5.790522974098134,-1.213926447571938
1.6424424424424424,-1.428175744371461,-5.621490694788415,-1.1725969787277584
1.6443443443443444,-1.4314236658577566,-5.445662668043508,-1.1299592649602872
1.6462462462462462,-1.4346753698515915,-5.2631311703709525,-1.0860444619084013
1.648148148148148,-1.437930856779544,-5.073995360557983,-1.0408850264007017
1.65005005005005,-1.4411901270809255,-4.87836125979934,-0.9945146948825898
1.651951951951952,-1.4444531812081722,-4.67634172566718,-0.9469684606289925
1.653853853853854,-1.4477200196272444,-4.468056419883952,-0.8982825497560223
1.6557557557557556,-1.45099064281804,-4.253631769864472,-0.8484943960463874
1.6576576576576576,-1.4542650512748208,-4.033200923998668,-0.7976426146039253
1.6595595595595596,-1.4575432455066506,-3.806903700653861,-0.745766974354148
1.6614614614614616,-1.4608252260378498,-3.5748865308772984,-0.6929083694082255
1.663363363363363,-1.4641109934084624,-3.337302394785956,-0.6391087893094869
1.6652652652652653,-1.4674005481747396,-3.0943107516350827,-0.5844112881817274
1.667167167167167,-1.4706938909096354,-2.846077463565163,-0.5288599528006761
1.6690690690690693,-1.473991022203323,-2.592774713027449,-0.4724998696099903
1.670970970970971,-1.47729194266372,-2.3345809138994174,-0.41537709070460715
1.6728728728728728,-1.48059665291704,-2.071680616301894,-0.35753859880549244
1.6747747747747748,-1.4839051536083538,-1.8042644051362693,-0.2990322712499439
1.6766766766766763,-1.4872174454021705,-1.5325287923692583,-0.23990684302371856
1.6785785785785787,-1.4905335289830397,-1.2566761030924891,-0.18021186886096768
1.6804804804804805,-1.4938534050561678,-0.976914355395318,-0.11999768443998621
1.6823823823823825,-1.4971770743480624,-0.6934571340900354,-0.05931434937650225
1.6842842842842842,-1.5005045376071853,-0.4065234583381941,0.0017856582337142206
1.6861861861861862,-1.5038357956046384,-0.1163376432295331,0.0632485907318609
1.6880880880880882,-1.5071708491348623,0.176870844627261,0.12502138631543655
1.68998998998999,-1.5105096990163622,0.47286753743853,0.1870504105307957
1.691891891891892,-1.5138523460924571,0.7714131224146143,0.24928149989482246
1.6937937937937937,-1.5171987912320497,1.072263603738223,0.3116600062026217
1.6956956956956957,-1.5205490353304232,1.3751704702318823,0.3741308414874565
1.6975975975975977,-1.5239030793100643,1.679880868636726,0.4366385235980834
1.6994994994994996,-1.5272609241215114,1.986137782411692,0.49912722235803286
1.7014014014014014,-1.5306225707442287,2.293680215954692,0.5615408062707364
1.7033033033033032,-1.5339880201875131,2.602243384142533,0.6238228897340422
1.7052052052052054,-1.5373572734914267,2.9115589070787795,0.6859168807265095
1.7071071071071071,-1.5407303317277552,3.221355009938521,0.7477660289276429
1.709009009009009,-1.544107196001009,3.531356727788191,0.809313474233891
1.7109109109109109,-1.5474878674494454,3.841286115253578,0.8705022956309826
1.7128128128128128,-1.5508723472461283,4.150862460908112,0.9312755603836917
1.7147147147147148,-1.5542606366000231,4.4598025062423305,0.9915763735027204
1.7166166166166168,-1.557652736757125,4.76782066907634,1.0513479274485427
1.7185185185185186,-1.561048649001623,5.074629271266253,1.1105335520313404
1.7204204204204203,-1.564448374657109,5.3799387705541255,1.1690767644661602
1.7223223223223223,-1.5678519150878134,5.683457996402251,1.226921319541602
1.7242242242242245,-1.5712592716998923,5.984894389653302,1.2840112598605649
1.7261261261261265,-1.5746704459427514,6.283954245848092,1.3402909661106932
1.728028028028028,-1.5780854393104122,6.5803429620301,1.3957052073227043
1.72992992992993,-1.5815042533429275,6.873765286858516,1.4501991910737448
1.7318318318318318,-1.584926889627836,7.163925573850637,1.503718613593346
1.7337337337337335,-1.5883533498016722,7.450528037569798,1.5562097097294916
1.7356356356356355,-1.591783635551518,7.733277012563648,1.6076193027312038
1.7375375375375377,-1.595217748616611,8.011877214867754,1.6578948538056806
1.7394394394394397,-1.5986556907900036,8.2860340058664,1.7069845114061275
1.7413413413413412,-1.6020974639202736,8.555453658315214,1.7548371602081496
1.7432432432432434,-1.6055430699132969,8.819843624315684,1.801402469731086
1.7451451451451452,-1.60899251073407,9.078912805034063,1.8466309425619403
1.7470470470470472,-1.6124457884086028,9.332371821952052,1.8904739621390363
1.748948948948949,-1.6159029050258635,9.579933289425172,1.932883840052371
1.750850850850851,-1.6193638627397955,9.821312088339909,1.9738138628195303
1.7527527527527529,-1.6228286637713962,10.056225640630318,2.013218338093119
1.7546546546546546,-1.626297310410863,10.284394184444936,2.0510526402594844
1.7565565565565566,-1.629769805019817,10.505541049723323,2.0872732553861146
1.7584584584584584,-1.633246150033594,10.719392933948846,2.121837825476593
1.7603603603603604,-1.636726347963613,10.925680177850175,2.154705191992391
1.7622622622622623,-1.640210401399823,11.124137040805316,2.1858354386002348
1.764164164164164,-1.6436983130132328,11.31450197571998,2.215189933106063
1.766066066066066,-1.6471900855585218,11.496517903125596,2.242731368534467
1.7679679679679678,-1.6506857218767388,11.66993248426228,2.2684238033154847
1.7698698698698698,-1.6541852248980928,11.834498392899734,2.2922327005399175
1.7717717717717718,-1.6576885976448317,11.989973585644917,2.31412496624435
1.7736736736736738,-1.661195843234221,12.136121570496163,2.3340689866892457
1.7755755755755755,-1.6647069648816208,12.27271167339009,2.352034664593048
1.7774774774774775,-1.6682219659036654,12.399519302488343,2.3679934542852976
1.7793793793793793,-1.6717408497215474,12.516326209958953,2.381918395744594
1.7812812812812813,-1.6752636198644155,12.622920750999691,2.3937841474856025
1.7831831831831833,-1.678790279972882,12.719098139846134,2.403567018261197
1.785085085085085,-1.68232083380265,12.804660702525515,2.411244997547122
1.786986986986987,-1.685855285228263,12.879418126089083,2.4167977847760875
1.7888888888888888,-1.6893936382469776,12.943187704084126,2.420206817290441
1.790790790790791,-1.6929358969827717,12.995794578005832,2.421455296981671
1.7926926926926927,-1.6964820656904769,13.037071974488248,2.4205282155887033
1.7945945945945947,-1.700032148760067,13.066861437979457,2.4174123786241237
1.7964964964964965,-1.7035861507210728,13.08501305865057,2.4120964279022408
1.7983983983983982,-1.70714407624716,13.091385695303703,2.4045708626419113
1.8003003003003004,-1.7107059301608554,13.085847193014224,2.3948280591166213
1.8022022022022024,-1.71427171743843,13.068274595289251,2.3828622888296884
1.804104104104104,-1.717841443214958,13.038554350484898,2.3686697351889574
1.806006006006006,-1.7214151127895363,12.99658251224517,2.3522485086595237
1.807907907907908,-1.7249927316306886,12.942264933733664,2.333598660372268
1.8098098098098097,-1.7285743053819476,12.87551745541681,2.3127221941683382
1.811711711711712,-1.732159839867632,12.796266086180056,2.289610784517728
1.8136136136136136,-1.7357493410988178,12.704447177535508,2.264277555376415
1.8155155155155156,-1.7393428152795132,12.600007590709364,2.2367359170368033
1.8174174174174171,-1.7429402688130455,12.482904856385057,2.2069958204014233
1.8193193193193196,-1.7465417083086645,12.353107326883672,2.175069204715891
1.821221221221221,-1.7501471405883735,12.21059432057695,2.1409699997995504
1.823123123123123,-1.7537565726939934,12.05535625832158,2.1047141266051383
1.825025025025025,-1.7573700118944715,11.887394791709069,2.066319496095811
1.826926926926927,-1.7609874656934366,11.706722922936889,2.0258060064320045
1.8288288288288288,-1.7646089418370168,11.513365116113295,1.9831955384603899
1.8307307307307308,-1.7682344483219292,11.30735739979605,1.9385119494978644
1.8326326326326323,-1.7718639934038418,11.08874746059403,1.891781065406857
1.8345345345345343,-1.7754975856060309,10.857594727650223,1.8430306709578432
1.8364364364364365,-1.7791352337283308,10.613970447834893,1.792290498476753
1.8383383383383385,-1.7827769468564008,10.357957751489243,1.739592214777411
1.84024024024024,-1.7864227343713062,10.089651708558844,1.6849694063792233
1.8421421421421424,-1.7900726059594374,9.80915937496186,1.6284575630119464
1.844044044044044,-1.793726571622768,9.516599829054364,1.570094059412054
1.845945945945946,-1.7973846416894752,9.212104198050286,1.5099181354146811
1.847847847847848,-1.8010468268249258,8.89581567426479,1.4479708743481075
1.8497497497497497,-1.8047131380430472,8.567889521064403,1.3842951797387157
1.851651651651652,-1.8083835867180973,8.228493068398539,1.3189357503354189
1.8535535535535532,-1.8120581845968404,7.877805697812235,1.2519390534645547
1.855455455455456,-1.815736943811158,7.516018816834505,1.1833532967268576
1.8573573573573572,-1.819419876891092,7.143335822655087,1.1132283980510675
1.8592592592592592,-1.8231069967783544,6.759972055004638,1.041615954118499
1.8611611611611607,-1.8267983168403104,6.366154738156276,0.9685692071749898
1.863063063063063,-1.8304938508844464,5.962122911993237,0.8941430102487209
1.864964964964965,-1.834193613173363,5.548127352073978,0.8183937907924721
1.8668668668668669,-1.83789761844028,5.124430478653342,0.7413795127717613
1.8687687687687689,-1.841605881905108,4.691306254614591,0.6631596372204775
1.8706706706706704,-1.8453184192910763,4.249040072283238,0.5837950812877828
1.8725725725725728,-1.8490352468419575,3.797928629100808,0.5033481758010313
1.8744744744744744,-1.852756381339902,3.338279792146049,0.421882621371224
1.8763763763763763,-1.856481840123908,2.870412451502635,0.3394634430685036
1.8782782782782783,-1.860211641108953,2.394656362476849,0.25615694369662384
1.88018018018018,-1.863945802805807,1.9113519766858864,0.17203065569695086
1.882082082082082,-1.867684344341552,1.4208502620407282,0.08715329171336117
1.883983983983984,-1.8714272854808416,0.9235125116619196,0.0015946938513138054
1.885885885885886,-1.8751746466479249,0.4197101417744928,-0.08457421833495384
1.887787787787788,-1.8789264489494564,-0.0901755213608539,-0.17128150109139276
1.8896896896896895,-1.8826827141981384,-0.6057534654135974,-0.2584542409126795
1.8915915915915915,-1.8864434649372044,-1.1266232267674083,-0.34601861015227064
1.8934934934934933,-1.890208724465803,-1.6523751360362444,-0.43389992349154494
1.8953953953953957,-1.8939785168652887,-2.182590574211734,-0.5220226964440049
1.8972972972972968,-1.8977528670264765,-2.7168422393361,-0.6103107038012225
1.8991991991991992,-1.9015318006778863,-3.2546944235783237,-0.6986870392884695
1.901101101101101,-1.9053153459823309,-3.795703301849835,-0.7870741766497804
1.9030030030030032,-1.9091035288685176,-4.339417228076111,-0.8753940312694346
1.904904904904905,-1.912896377758108,-4.885377041340325,-0.9635680226481862
1.9068068068068067,-1.9166939220341528,-5.4331163844444434,-1.0515171378989419
1.908708708708709,-1.9204961920749013,-5.982162030845197,-1.1391619959118486
1.9106106106106104,-1.9243032192888516,-6.532034221061095,-1.2264229122393937
1.9125125125125129,-1.928115036151106,-7.08224700835031,-1.3132199646517964
1.9144144144144144,-1.9319316762410632,-7.632308613458661,-1.3994730593118878
1.9163163163163164,-1.9357531742815168,-8.181721788225246,-1.4851019975186563
1.918218218218218,-1.9395795661792004,-8.729984187814454,-1.5700265429661395
1.92012012012012,-1.9434108890668544,-9.276588751347251,-1.6541664894654118
1.922022022022022,-1.947247181346856,-9.82102409067939,-1.7374417290755007
1.923923923923924,-1.9510884827364885,-10.362774887080246,-1.819772320588978
1.9258258258258256,-1.954934834314917,-10.901322295535778,-1.9010785583167407
1.927727727727728,-1.958786278571922,-11.436144356407956,-1.981281041116461
1.9296296296296296,-1.9626428594584853,-11.966716414163445,-2.060300741608045
1.931531531531532,-1.966504622439284,-12.492511542872435,-2.1380590755190942
1.933433433433433,-1.9703716145471837,-13.01300097817988,-2.2144779711034523
1.9353353353353355,-1.9742438844398036,-13.527654555430898,-2.289479938574255
1.9372372372372373,-1.9781214824582465,-14.03594115362347,-2.3629881394936865
1.939139139139139,-1.982004460688073,-14.537329144861038,-2.434926456060275
1.941041041041041,-1.9858928730226275,-15.03128684896167,-2.5052054334883715
1.942942942942943,-1.9897867752287948,-15.517282992867838,-2.573762269296754
1.9448448448448448,-1.9936862250153091,-15.99478717450996,-2.640525010525568
1.9467467467467467,-1.9975912821037096,-16.463270330741384,-2.705421149566288
1.9486486486486487,-2.0015020083020527,-16.92220520897387,-2.7683792439305686
1.9505505505505507,-2.0054184675815128,-17.371066842135626,-2.829328983624695
1.9524524524524525,-2.0093407261559757,-17.809333026554164,-2.888201258001663
1.9543543543543545,-2.0132688525647677,-18.23648480236553,-2.9449282220308812
1.956256256256256,-2.0172029177586484,-18.652006936037164,-2.9994433619247296
1.9581581581581584,-2.021142995189207,-19.055388404602148,-3.0516815600636846
1.96006006006006,-2.025089160901814,-19.44612288117876,-3.101579159159079
1.961961961961962,-2.029041493632285,-19.82370922134947,-3.149074025594894
1.963863863863864,-2.0330000749074157,-20.18765194995902,-3.1941056118884203
1.9657657657657657,-2.036964989149556,-20.53746174790438,-3.2366150182106055
1.967667667667668,-2.040936323785418,-20.872655938459896,-3.2765450529085
1.9695695695695696,-2.044914169359285,-21.19275897269816,-3.3138402919706236
1.9714714714714716,-2.0488986196508425,-21.49730291355485,-3.348447137378887
1.9733733733733732,-2.05288977179782,-21.785827918050607,-3.3803138742870065
1.9752752752752751,-2.056887726423674,-22.057882717246244,-3.409390726971607
1.9771771771771771,-2.060892587770548,-22.31302509343047,-3.435629913497779
1.979079079079079,-2.064904463837734,-22.55082235409071,-3.458985699044942
1.980980980980981,-2.0689234665259124,-22.77085180218521,-3.4794144478381748
1.9828828828828828,-2.072949711787425,-22.972701202232034,-3.4968746736294487
1.9847847847847848,-2.076983319782872,-23.15596924174958,-3.5113270886775885
1.9866866866866868,-2.0810244150443284,-23.32026598755337,-3.5227346511729998
1.9885885885885888,-2.085073126645501,-23.46521333644716,-3.5310626110574357
1.9904904904904903,-2.089129588379154,-23.59044545979805,-3.5362785541867137
1.9923923923923923,-2.0931939389421537,-23.695609241531702,-3.541217968980595
1.9942942942942945,-2.097266322128511,-23.78036470905636,-3.54784066786914
1.9961961961961965,-2.1013468870308043,-23.844385456625066,-3.5528431785761185
1.9980980980980985,-2.1054357882504084,-23.887359060665982,-3.5562010886677093
2.0,-2.109533186116954,-23.908987486589076,-3.557891110049282
