{
  "residual": "DESI Residual Vector \u0394f\u03c38(z)",
  "z_bins": [
    0.15,
    0.35,
    0.55,
    0.75,
    0.95,
    1.15
  ],
  "k_bins_deprecated": [
    0.15,
    0.35,
    0.55,
    0.75,
    0.95,
    1.15
  ],
  "delta_fsigma8": [
    -0.006520132216829011,
    -0.03277525824774241,
    -0.05906457561056938,
    -0.06295020002738244,
    -0.05401180339244188,
    -0.03799332250789261
  ],
  "err_fsigma8": [
    0.04,
    0.03,
    0.02,
    0.02,
    0.03,
    0.04
  ],
  "status": "COMPUTED_NUMERICAL"
}