{
  "growth_report": "artifacts/growth_report.json",
  "dataset": {
    "name": "BOSS DR12 consensus f\u03c38 (z=0.38,0.51,0.61)",
    "z": [
      0.38,
      0.51,
      0.61
    ],
    "fsigma8_obs": [
      0.502242,
      0.459128,
      0.419163
    ],
    "cov_fsigma8": [
      [
        0.00222683,
        0.00087702,
        0.00028707
      ],
      [
        0.00087702,
        0.00154972,
        0.00072412
      ],
      [
        0.00028707,
        0.00072412,
        0.00135237
      ]
    ],
    "sigma": [
      0.04718929963455699,
      0.03936648320589484,
      0.03677458361423009
    ]
  },
  "model_predictions": {
    "holo": {
      "fsigma8": [
        0.47274723949749,
        0.4706052340562167,
        0.46502454237831375
      ],
      "residual": [
        -0.029494760502509987,
        0.0114772340562167,
        0.04586154237831375
      ]
    },
    "lcdm": {
      "fsigma8": [
        0.47595363341961405,
        0.47404799944630055,
        0.468732243777486
      ],
      "residual": [
        -0.026288366580385913,
        0.01491999944630057,
        0.049569243777486005
      ]
    }
  },
  "chi2": {
    "holo": 2.265809623608075,
    "lcdm": 2.4429961128699653
  },
  "delta_chi2": -0.1771864892618904
}